,SMILES,Canonical_SMILES,labels
0,Cc1ccc(cc1)[S](O)(=O)=O.CC2(C)CC(N)CC(C)(CN)C2,CC1(C)CC(N)CC(C)(CN)C1.Cc1ccc(S(=O)(=O)O)cc1,1
1,CN(C)c1ccc(N)cc1,CN(C)c1ccc(N)cc1,1
2,Nc1cccc(c1)C#N,N#Cc1cccc(N)c1,1
3,Nc1ccccn1,Nc1ccccn1,1
4,Nc1cccnc1,Nc1cccnc1,1
5,Nc1ccncc1,Nc1ccncc1,1
6,Nc1ccc(Nc2ccccc2)cc1,Nc1ccc(Nc2ccccc2)cc1,1
7,N[S](O)(=O)=O,NS(=O)(=O)O,1
8,NCC1=CC(=O)NO1,NCc1cc(=O)[nH]o1,1
9,[NH4+].O.NC([O-])=O,NC(=O)[O-].O.[NH4+],1
10,[Cl-].C[N+](C)(C)CCOC(N)=O,C[N+](C)(C)CCOC(N)=O.[Cl-],1
11,Nc1cnc2ccccc2c1,Nc1cnc2ccccc2c1,1
12,Nc1ccc(cc1)c2ccccc2,Nc1ccc(-c2ccccc2)cc1,1
13,N.CC=O,CC=O.N,1
14,NCCOCCO,NCCOCCO,1
15,F\C(=C(\F)C(F)(F)F)C(F)(F)F,F/C(=C(/F)C(F)(F)F)C(F)(F)F,1
16,FC(F)(F)C(F)(F)C(F)(F)F,FC(F)(F)C(F)(F)C(F)(F)F,1
17,FC1(F)C(F)(F)C(F)(F)C1(F)F,FC1(F)C(F)(F)C(F)(F)C1(F)F,1
18,FC(F)=C(C(F)(F)F)C(F)(F)F,FC(F)=C(C(F)(F)F)C(F)(F)F,1
19,CN(C)[P](=O)(O[P](=O)(N(C)C)N(C)C)N(C)C,CN(C)P(=O)(OP(=O)(N(C)C)N(C)C)N(C)C,1
20,ClCC1(CCl)C(=C)C2(Cl)C(Cl)C(Cl)C1(Cl)C2(Cl)Cl,C=C1C(CCl)(CCl)C2(Cl)C(Cl)C(Cl)C1(Cl)C2(Cl)Cl,1
21,Brc1ccc(c(Br)c1Br)c2c(Br)c(Br)c(Br)c(Br)c2Br,Brc1ccc(-c2c(Br)c(Br)c(Br)c(Br)c2Br)c(Br)c1Br,1
22,o1ccc2ccccc12,c1ccc2occc2c1,1
23,Nc1cccc(N)c1,Nc1cccc(N)c1,1
24,Nc1ccc(N)cc1,Nc1ccc(N)cc1,1
25,Oc1ccccc1[S](O)(=O)=O,O=S(=O)(O)c1ccccc1O,1
26,NN[S](=O)(=O)c1ccccc1,NNS(=O)(=O)c1ccccc1,1
27,Cl[S](=O)(=O)c1ccccc1,O=S(=O)(Cl)c1ccccc1,1
28,C=CCCc1ccccc1,C=CCCc1ccccc1,1
29,N(c1ccccc1)c2ccc3ccccc3c2,c1ccc(Nc2ccc3ccccc3c2)cc1,0
30,Sc1ccccc1,Sc1ccccc1,1
31,Cl[P](Cl)(=O)c1ccccc1,O=P(Cl)(Cl)c1ccccc1,1
32,CCOC(=O)C(C)N(C(=O)c1ccccc1)c2ccc(Cl)c(Cl)c2,CCOC(=O)C(C)N(C(=O)c1ccccc1)c1ccc(Cl)c(Cl)c1,1
33,N#Cc1ccccc1,N#Cc1ccccc1,1
34,ClC(Cl)=Nc1ccccc1,ClC(Cl)=Nc1ccccc1,1
35,Cl[P](Cl)(=S)c1ccccc1,S=P(Cl)(Cl)c1ccccc1,1
36,O=C1OC(=O)c2cc3C(=O)OC(=O)c3cc12,O=c1oc(=O)c2cc3c(=O)oc(=O)c3cc12,1
37,OC(C#N)c1ccccc1,N#CC(O)c1ccccc1,1
38,O=C=NCCc1ccccc1,O=C=NCCc1ccccc1,1
39,C#Cc1ccccc1,C#Cc1ccccc1,1
40,ClC(=O)Cc1ccccc1,O=C(Cl)Cc1ccccc1,1
41,[O-][N+](=O)c1ccc(NC(=O)NCc2cccnc2)cc1,O=C(NCc1cccnc1)Nc1ccc([N+](=O)[O-])cc1,1
42,C(c1ccccc1)c2ccccn2,c1ccc(Cc2ccccn2)cc1,1
43,C(c1ccccc1)c2ccncc2,c1ccc(Cc2ccncc2)cc1,1
44,CC1(C)[C@@H]2CC[C@]1(C)[C@H](C2)OC(=O)CSC#N,CC1(C)[C@@H]2CC[C@]1(C)[C@@H](OC(=O)CSC#N)C2,1
45,CC(C)N[P](F)(=O)NC(C)C,CC(C)NP(=O)(F)NC(C)C,1
46,CC(N)CN,CC(N)CN,1
47,NCCCN,NCCCN,1
48,CCOCC(C)O,CCOCC(C)O,1
49,N#CCC#N,N#CCC#N,1
50,[CH2]=[C]=[CH2],C=C=C,1
51,ClC(=O)CC(Cl)=O,O=C(Cl)CC(=O)Cl,1
52,OC(=O)C#C,C#CC(=O)O,1
53,CCC(=O)OCC=C,C=CCOC(=O)CC,1
54,CCC(=O)OC(C)C,CCC(=O)OC(C)C,1
55,CCC(=O)OCC(C)C,CCC(=O)OCC(C)C,1
56,CCC(=O)OCCC(C)C,CCC(=O)OCCC(C)C,1
57,CCCCOC(=O)CC,CCCCOC(=O)CC,1
58,CCCCCOC(=O)CC,CCCCCOC(=O)CC,1
59,CCC(C)OC(=O)CC,CCC(=O)OC(C)CC,1
60,SCC=C,C=CCS,1
61,CCC(COC(=O)C=C)[N+]([O-])=O,C=CC(=O)OCC(CC)[N+](=O)[O-],1
62,CC(CO)OC(=O)C=C,C=CC(=O)OC(C)CO,1
63,CC(C)(C)OC(=O)C=C,C=CC(=O)OC(C)(C)C,1
64,CC(C)CCCCCOC(=O)C=C,C=CC(=O)OCCCCCC(C)C,1
65,CN(C)c1ccc(N)cc1.OC(=O)C(O)=O,CN(C)c1ccc(N)cc1.O=C(O)C(=O)O,1
66,ICC=C,C=CCI,1
67,CC(C)CI,CC(C)CI,1
68,CC(C)(C)I,CC(C)(C)I,1
69,CC(C)CCI,CC(C)CCI,1
70,Oc1ccc(I)cc1,Oc1ccc(I)cc1,1
71,CC(C)I,CC(C)I,1
72,CC(C)I,CC(C)I,1
73,CCCCI,CCCCI,1
74,CCC(C)I,CCC(C)I,1
75,CC(I)=O,CC(=O)I,1
76,CCCCCI,CCCCCI,1
77,OC(=O)CI,O=C(O)CI,1
78,CCOC(=O)CI,CCOC(=O)CI,1
79,CCI,CCI,1
80,ClC(=O)CCC(Cl)=O,O=C(Cl)CCC(=O)Cl,1
81,CCCCO.O[P](O)(O)=O,CCCCO.O=P(O)(O)O,1
82,CCC\C=N/O,CCC/C=N\O,1
83,CCC#C,C#CCC,1
84,CC#CC,CC#CC,1
85,CC(O)C#C,C#CC(C)O,1
86,CCCC(=O)OCC=C,C=CCOC(=O)CCC,0
87,CCCCCOC(=O)CCC,CCCCCOC(=O)CCC,1
88,CC\C(C)=N\O,CC/C(C)=N/O,1
89,C\C=C/CO,C/C=C\CO,1
90,ClC(=O)\C=C\C(Cl)=O,O=C(Cl)/C=C/C(=O)Cl,0
91,C=CCC#N,C=CCC#N,1
92,C/C=C/C#N,C/C=C/C#N,1
93,COC(=O)\C=C\C,C/C=C/C(=O)OC,1
94,CCOC(=O)\C=C\C,C/C=C/C(=O)OCC,1
95,Nc1ccc(cc1)[S](O)(=O)=O,Nc1ccc(S(=O)(=O)O)cc1,1
96,ClC(=O)c1ccc(cc1)C(Cl)=O,O=C(Cl)c1ccc(C(=O)Cl)cc1,1
97,Cc1ccc(cc1)[S](Cl)(=O)=O,Cc1ccc(S(=O)(=O)Cl)cc1,1
98,Nc1ccc(cc1)N=C=S,Nc1ccc(N=C=S)cc1,1
99,Sc1ccc(Cl)cc1,Sc1ccc(Cl)cc1,1
100,CCCCCCCCCc1ccc(O)cc1,CCCCCCCCCc1ccc(O)cc1,1
101,O[S](=O)(=O)c1ccc(cc1)[N+]([O-])=O,O=[N+]([O-])c1ccc(S(=O)(=O)O)cc1,1
102,NNC(=O)c1ccc(cc1)[N+]([O-])=O,NNC(=O)c1ccc([N+](=O)[O-])cc1,1
103,CCc1ccc(cc1)[N+]([O-])=O,CCc1ccc([N+](=O)[O-])cc1,1
104,CC(C)c1ccc(O)cc1,CC(C)c1ccc(O)cc1,1
105,C1Cc2cccc3cccc1c23,c1cc2c3c(cccc3c1)CC2,1
106,C(OCC1CO1)C2CO2,C(OCC1CO1)C1CO1,0
107,Oc1c(Cl)cc(Cl)c(Cl)c1Cc2c(O)c(Cl)cc(Cl)c2Cl,Oc1c(Cl)cc(Cl)c(Cl)c1Cc1c(O)c(Cl)cc(Cl)c1Cl,1
108,Nc1ccc(Cc2ccc(N)c(Cl)c2)cc1Cl,Nc1ccc(Cc2ccc(N)c(Cl)c2)cc1Cl,1
109,NCCCNCCCN,NCCCNCCCN,1
110,Cc1ccc(N)cc1N,Cc1ccc(N)cc1N,1
111,[H+].[H+].[Cl-].[Cl-].Cc1cc(N)ccc1N,Cc1cc(N)ccc1N.[Cl-].[Cl-].[H+].[H+],1
112,Cc1c(N)cccc1N,Cc1c(N)cccc1N,1
113,Nc1ccc(cc1)c2ccc(N)cc2,Nc1ccc(-c2ccc(N)cc2)cc1,1
114,BrC(c1ccccc1)c2ccccc2,BrC(c1ccccc1)c1ccccc1,1
115,[H+].[Cl-].NN(c1ccccc1)c2ccccc2,NN(c1ccccc1)c1ccccc1.[Cl-].[H+],1
116,N(Nc1ccccc1)c2ccccc2,c1ccc(NNc2ccccc2)cc1,1
117,CCCSCCC,CCCSCCC,1
118,ICI,ICI,1
119,CCCCN(CCCC)c1ccccc1,CCCCN(CCCC)c1ccccc1,1
120,CCO[P](=S)(OCC)SC1OCCOC1S[P](=S)(OCC)OCC,CCOP(=S)(OCC)SC1OCCOC1SP(=S)(OCC)OCC,1
121,OC(CF)CF,OC(CF)CF,1
122,Fc1ccccc1F,Fc1ccccc1F,1
123,Fc1cccc(F)c1,Fc1cccc(F)c1,1
124,Fc1ccc(F)cc1,Fc1ccc(F)cc1,1
125,FCF,FCF,1
126,CC(F)F,CC(F)F,1
127,C1C2C=CC1C=C2,C1=CC2C=CC1C2,1
128,C1CCC(CC1)NC2CCCCC2,C1CCC(NC2CCCCC2)CC1,1
129,CN(C)CCC#N,CN(C)CCC#N,1
130,CO[P](=S)(OC)Oc1ccc(cc1)[S](=O)(=O)N(C)C,COP(=S)(OC)Oc1ccc(S(=O)(=O)N(C)C)cc1,1
131,CN(C)C(Cl)=O,CN(C)C(=O)Cl,1
132,CN(C)c1ccc(cc1)N=Nc2ccc(cc2)[As](O)(O)=O,CN(C)c1ccc(N=Nc2ccc([As](=O)(O)O)cc2)cc1,1
133,Cc1ccccc1C,Cc1ccccc1C,1
134,Cc1cccc(O)c1C,Cc1cccc(O)c1C,1
135,Cc1ccc(O)c(C)c1,Cc1ccc(O)c(C)c1,1
136,Cc1ccc(C)c(O)c1,Cc1ccc(C)c(O)c1,1
137,Cc1cccc(C)c1O,Cc1cccc(C)c1O,1
138,Cc1ccc(O)cc1C,Cc1ccc(O)cc1C,1
139,Cc1cc(C)cc(O)c1,Cc1cc(C)cc(O)c1,1
140,CO[P](=O)(OC)C(O)C(Cl)(Cl)Cl,COP(=O)(OC)C(O)C(Cl)(Cl)Cl,1
141,COC(=O)\C=C(/C)O[P](=O)(OC)OC,COC(=O)/C=C(\C)OP(=O)(OC)OC,1
142,CC1(C)CCOCO1,CC1(C)CCOCO1,1
143,CC1COC(C)CO1,CC1COC(C)CO1,0
144,CC(=C)CCC(C)=C,C=C(C)CCC(=C)C,1
145,CC(C)=CC=C(C)C,CC(C)=CC=C(C)C,1
146,CC(C)C(C)=C,C=C(C)C(C)C,1
147,CC(C)=C(C)C,CC(C)=C(C)C,1
148,C[C@H]1C[C@H](C)C(=O)[C@@H](C1)[C@H](O)CC2CC(=O)NC(=O)C2,C[C@@H]1C[C@@H]([C@H](O)CC2CC(=O)NC(=O)C2)C(=O)[C@@H](C)C1,1
149,CC(C)C\C=C\C(C)C,CC(C)/C=C/CC(C)C,1
150,CC(C)C(=O)C(C)C,CC(C)C(=O)C(C)C,1
151,CO[P](=O)(OC)Oc1ccc(SC)cc1,COP(=O)(OC)Oc1ccc(SC)cc1,1
152,Cc1cc(ccc1N)c2ccc(N)c(C)c2,Cc1cc(-c2ccc(N)c(C)c2)ccc1N,0
153,CN(C)[S](=O)(=O)N(SC(F)(Cl)Cl)c1ccccc1,CN(C)S(=O)(=O)N(SC(F)(Cl)Cl)c1ccccc1,1
154,CO[P](=O)(OC)OC(Br)C(Cl)(Cl)Br,COP(=O)(OC)OC(Br)C(Cl)(Cl)Br,1
155,CO[P](=S)(OC)Oc1ccc(SC)c(C)c1,COP(=S)(OC)Oc1ccc(SC)c(C)c1,1
156,CO[P](=O)(OC)OC(/C)=C/C(=O)OC(C)c1ccccc1,COP(=O)(OC)O/C(C)=C/C(=O)OC(C)c1ccccc1,1
157,CCN(CC)C(=O)\C(Cl)=C(/C)O[P](=O)(OC)OC,CCN(CC)C(=O)/C(Cl)=C(\C)OP(=O)(OC)OC,1
158,COC1=NN(CS[P](=S)(OC)OC)C(=O)S1,COc1nn(CSP(=S)(OC)OC)c(=O)s1,0
159,CO[P](=O)(OC)SCCSC,COP(=O)(OC)SCCSC,1
160,CCSCCS[P](=S)(OC)OC,CCSCCSP(=S)(OC)OC,1
161,CO[P](=S)(OC)SCN1N=Nc2ccccc2C1=O,COP(=S)(OC)SCn1nnc2ccccc2c1=O,1
162,CNC(=O)CS[P](=O)(OC)OC,CNC(=O)CSP(=O)(OC)OC,1
163,CO[P](=S)(OC)SCC(=O)N1CCOCC1,COP(=S)(OC)SCC(=O)N1CCOCC1,1
164,CO[P](=S)(OC)SCN1C(=O)c2ccccc2C1=O,COP(=S)(OC)SCN1C(=O)c2ccccc2C1=O,1
165,CCO[P](=S)(OCC)SCN1N=Nc2ccccc2C1=O,CCOP(=S)(OCC)SCn1nnc2ccccc2c1=O,1
166,CCOC(=O)CC(S[P](=S)(OC)OC)C(=O)OCC,CCOC(=O)CC(SP(=S)(OC)OC)C(=O)OCC,0
167,CNC(=O)Oc1cc(C)c(N(C)C)c(C)c1,CNC(=O)Oc1cc(C)c(N(C)C)c(C)c1,1
168,CNC(=O)Oc1ccc(N(C)C)c(C)c1,CNC(=O)Oc1ccc(N(C)C)c(C)c1,1
169,COc1ccc2C(=O)C(=C(Oc2c1CN(C)C)c3ccccc3)C,COc1ccc2c(=O)c(C)c(-c3ccccc3)oc2c1CN(C)C,0
170,CN(C)CC#N,CN(C)CC#N,1
171,Cc1cccc(C)c1N,Cc1cccc(C)c1N,1
172,Cc1cc(C)cc(c1)C(Cl)=O,Cc1cc(C)cc(C(=O)Cl)c1,1
173,Cc1ccnc(C)c1,Cc1ccnc(C)c1,1
174,Cc1ccc(C)nc1,Cc1ccc(C)nc1,1
175,Cc1cccc(C)n1,Cc1cccc(C)n1,1
176,Cc1ccncc1C,Cc1ccncc1C,1
177,Cc1cncc(C)c1,Cc1cncc(C)c1,1
178,CN(C)Cc1ccccc1,CN(C)Cc1ccccc1,1
179,CCCN(C)C,CCCN(C)C,1
180,CN(C)CCCO,CN(C)CCCO,1
181,COC(=O)C(C)(C)C,COC(=O)C(C)(C)C,1
182,CC(C)CC(C)N,CC(C)CC(C)N,1
183,CO[P](=O)(OC)Oc1ccc(cc1)[N+]([O-])=O,COP(=O)(OC)Oc1ccc([N+](=O)[O-])cc1,1
184,CC1COC(C)CO1,CC1COC(C)CO1,0
185,Cc1oc(C)cc1,Cc1ccc(C)o1,1
186,CCCCCC(C)(C)C,CCCCCC(C)(C)C,1
187,CCCCC(C)C(C)C,CCCCC(C)C(C)C,1
188,CCCC(C)CC(C)C,CCCC(C)CC(C)C,1
189,CCC(C)CCC(C)C,CCC(C)CCC(C)C,1
190,CCCCC(C)(C)CC,CCCCC(C)(C)CC,1
191,CCCC(C)C(C)CC,CCCC(C)C(C)CC,1
192,CCC(C)CC(C)CC,CCC(C)CC(C)CC,1
193,CCCC(C)(C)CCC,CCCC(C)(C)CCC,1
194,CN(C)C1CCCCC1,CN(C)C1CCCCC1,1
195,CC1(C)CCCCC1,CC1(C)CCCCC1,1
196,CC1CCCCC1C,CC1CCCCC1C,1
197,CC1CCCC(C)C1,CC1CCCC(C)C1,1
198,CC1CCC(C)CC1,CC1CCC(C)CC1,1
199,CC1(C)CCCC1,CC1(C)CCCC1,1
200,CC1CCCC1C,CC1CCCC1C,1
201,CC1CCC(C)C1,CC1CCC(C)C1,1
202,CCCCC(C)(C)C,CCCCC(C)(C)C,1
203,CCCC(C)C(C)C,CCCC(C)C(C)C,1
204,CCC(C)CC(C)C,CCC(C)CC(C)C,1
205,CCCC(C)(C)CC,CCCC(C)(C)CC,1
206,CCC(C)C(C)CC,CCC(C)C(C)CC,1
207,CNNC,CNNC,1
208,CO[P](Cl)(=S)OC,COP(=S)(Cl)OC,1
209,COC(CCl)OC,COC(CCl)OC,1
210,CN1CCN(C)CC1,CN1CCN(C)CC1,1
211,CCC(C)C(C)C=O,CCC(C)C(C)C=O,1
212,CCCC(C)(C)C,CCCC(C)(C)C,1
213,CCC(C)C(C)C,CCC(C)C(C)C,1
214,CC(C)CC(C)C,CC(C)CC(C)C,1
215,CCC(C)(C)CC,CCC(C)(C)CC,1
216,CC(O)CN(C)C,CC(O)CN(C)C,1
217,COc1cccc(OC)c1C(Cl)=O,COc1cccc(OC)c1C(=O)Cl,1
218,COC(C)(C)OC,COC(C)(C)OC,1
219,COC(C)OC,COC(C)OC,1
220,O=CC1CCC=CO1,O=CC1CCC=CO1,1
221,Nc1ccc(SSc2ccc(N)cc2)cc1,Nc1ccc(SSc2ccc(N)cc2)cc1,1
222,CSSC,CSSC,1
223,ClC1=C(Cl)C(=O)c2ccccc2C1=O,O=C1C(Cl)=C(Cl)C(=O)c2ccccc21,1
224,ClC/C=C/CCl,ClC/C=C/CCl,1
225,Clc1cccc(Cl)c1,Clc1cccc(Cl)c1,1
226,Nc1cccc(Cl)c1Cl,Nc1cccc(Cl)c1Cl,1
227,Nc1ccc(Cl)cc1Cl,Nc1ccc(Cl)cc1Cl,1
228,Nc1cc(Cl)ccc1Cl,Nc1cc(Cl)ccc1Cl,1
229,Nc1c(Cl)cccc1Cl,Nc1c(Cl)cccc1Cl,1
230,Nc1cc(Cl)cc(Cl)c1,Nc1cc(Cl)cc(Cl)c1,1
231,Oc1cccc(Cl)c1Cl,Oc1cccc(Cl)c1Cl,1
232,Oc1cc(Cl)ccc1Cl,Oc1cc(Cl)ccc1Cl,0
233,Oc1c(Cl)cccc1Cl,Oc1c(Cl)cccc1Cl,1
234,Oc1ccc(Cl)c(Cl)c1,Oc1ccc(Cl)c(Cl)c1,1
235,NC(=S)N=NNc1ccc(Cl)c(Cl)c1,NC(=S)N=NNc1ccc(Cl)c(Cl)c1,1
236,ClC(=O)c1ccc(Cl)cc1Cl,O=C(Cl)c1ccc(Cl)cc1Cl,1
237,CC(Oc1ccc(Cl)cc1Cl)C(O)=O,CC(Oc1ccc(Cl)cc1Cl)C(=O)O,1
238,ClCc1ccc(Cl)c(Cl)c1,ClCc1ccc(Cl)c(Cl)c1,1
239,CC(=O)C(Cl)Cl,CC(=O)C(Cl)Cl,1
240,ClCC(=O)CCl,O=C(CCl)CCl,1
241,ClCCCCl,ClCCCCl,1
242,C\C(Cl)=C\Cl,C/C(Cl)=C/Cl,1
243,ClCCCCCl,ClCCCCCl,1
244,FC(F)(Cl)Cl,FC(F)(Cl)Cl,1
245,CCOC(Cl)CCl,CCOC(Cl)CCl,1
246,ClP(Cl)c1ccccc1,ClP(Cl)c1ccccc1,1
247,Cc1ccc(Cl)cc1Cl,Cc1ccc(Cl)cc1Cl,1
248,Cc1cc(Cl)ccc1Cl,Cc1cc(Cl)ccc1Cl,1
249,Cc1c(Cl)cccc1Cl,Cc1c(Cl)cccc1Cl,1
250,Cc1ccc(Cl)c(Cl)c1,Cc1ccc(Cl)c(Cl)c1,1
251,ClC(Cl)c1ccccc1,ClC(Cl)c1ccccc1,1
252,Nc1ccc(cc1Cl)c2ccc(N)c(Cl)c2,Nc1ccc(-c2ccc(N)c(Cl)c2)cc1Cl,1
253,OC(=O)/C(Cl)=C(/Cl)C=O,O=C/C(Cl)=C(/Cl)C(=O)O,1
254,FC(F)(Cl)C(F)(F)Cl,FC(F)(Cl)C(F)(F)Cl,1
255,ClCCCCCCl,ClCCCCCCl,1
256,[O-][N+](=O)c1cccc(Cl)c1Cl,O=[N+]([O-])c1cccc(Cl)c1Cl,1
257,[O-][N+](=O)c1ccc(Cl)cc1Cl,O=[N+]([O-])c1ccc(Cl)cc1Cl,1
258,[O-][N+](=O)c1cc(Cl)ccc1Cl,O=[N+]([O-])c1cc(Cl)ccc1Cl,1
259,[O-][N+](=O)c1ccc(Cl)c(Cl)c1,O=[N+]([O-])c1ccc(Cl)c(Cl)c1,1
260,FC(Cl)Cl,FC(Cl)Cl,1
261,ClC(Cl)C#N,N#CC(Cl)Cl,1
262,OC(=O)C(Cl)Cl,O=C(O)C(Cl)Cl,1
263,COC(=O)C(Cl)Cl,COC(=O)C(Cl)Cl,1
264,CCOC(=O)C(Cl)Cl,CCOC(=O)C(Cl)Cl,1
265,OCC#CCO,OCC#CCO,1
266,Oc1ccc(c2C(=O)c3c(O)ccc(c3C(=O)c12)[N+]([O-])=O)[N+]([O-])=O,O=C1c2c(O)ccc([N+](=O)[O-])c2C(=O)c2c(O)ccc([N+](=O)[O-])c21,1
267,CNC[C@H](O)c1ccc(O)c(O)c1,CNC[C@H](O)c1ccc(O)c(O)c1,1
268,Oc1ccc(O)c(C#N)c1C#N,N#Cc1c(O)ccc(O)c1C#N,1
269,CNC(=O)Oc1cccc2CC(C)(C)Oc12,CNC(=O)Oc1cccc2c1OC(C)(C)C2,1
270,C1COC=CC1,C1=COCCC1,1
271,ClC1=C(Cl)C(=O)C(=C(C#N)C1=O)C#N,N#CC1=C(C#N)C(=O)C(Cl)=C(Cl)C1=O,1
272,O=[S]1(=O)N2CN3CN1CN(C2)[S]3(=O)=O,O=S1(=O)N2CN3CN1CN(C2)S3(=O)=O,1
273,CCCCCO[P](O)(=O)OCCCCC,CCCCCOP(=O)(O)OCCCCC,1
274,C=CCNCC=C,C=CCNCC=C,1
275,C=CCN(CC=C)C#N,C=CCN(C#N)CC=C,1
276,C=CCSCC=C,C=CCSCC=C,1
277,C=CCOCC=C,C=CCOCC=C,1
278,Nc1cc(cc(c1O)[N+]([O-])=O)[N+]([O-])=O,Nc1cc([N+](=O)[O-])cc([N+](=O)[O-])c1O,1
279,[O-][N+](=O)c1cccc(c1)[N+]([O-])=O,O=[N+]([O-])c1cccc([N+](=O)[O-])c1,1
280,[O-][N+](=O)c1ccc(cc1)[N+]([O-])=O,O=[N+]([O-])c1ccc([N+](=O)[O-])cc1,1
281,Nc1c(cccc1[N+]([O-])=O)[N+]([O-])=O,Nc1c([N+](=O)[O-])cccc1[N+](=O)[O-],1
282,Nc1cc(cc(c1)[N+]([O-])=O)[N+]([O-])=O,Nc1cc([N+](=O)[O-])cc([N+](=O)[O-])c1,1
283,Oc1ccc(cc1[N+]([O-])=O)[N+]([O-])=O,O=[N+]([O-])c1ccc(O)c([N+](=O)[O-])c1,1
284,Oc1cc(ccc1[N+]([O-])=O)[N+]([O-])=O,O=[N+]([O-])c1ccc([N+](=O)[O-])c(O)c1,1
285,Oc1c(cccc1[N+]([O-])=O)[N+]([O-])=O,O=[N+]([O-])c1cccc([N+](=O)[O-])c1O,1
286,[O-][N+](=O)CCC[N+]([O-])=O,O=[N+]([O-])CCC[N+](=O)[O-],1
287,CC(C)([N+]([O-])=O)[N+]([O-])=O,CC(C)([N+](=O)[O-])[N+](=O)[O-],1
288,[O-][N+](=O)c1ccc(Nc2ccccc2)c(c1)[N+]([O-])=O,O=[N+]([O-])c1ccc(Nc2ccccc2)c([N+](=O)[O-])c1,1
289,[O-][N+](=O)N1C2NC(=O)N(C2NC1=O)[N+]([O-])=O,O=C1NC2C(NC(=O)N2[N+](=O)[O-])N1[N+](=O)[O-],1
290,Oc1ccc(c(O)c1[N+]([O-])=O)[N+]([O-])=O,O=[N+]([O-])c1ccc(O)c([N+](=O)[O-])c1O,1
291,[O-][N+](=O)c1cccc(c2ccccc2)c1[N+]([O-])=O,O=[N+]([O-])c1cccc(-c2ccccc2)c1[N+](=O)[O-],1
292,[O-][N+](=O)c1ccc(CCl)c(c1)[N+]([O-])=O,O=[N+]([O-])c1ccc(CCl)c([N+](=O)[O-])c1,1
293,[O-][N+](=O)c1cccc2c1cccc2[N+]([O-])=O,O=[N+]([O-])c1cccc2c([N+](=O)[O-])cccc12,1
294,[O-][N+](=O)c1cccc2cccc(c12)[N+]([O-])=O,O=[N+]([O-])c1cccc2cccc([N+](=O)[O-])c12,1
295,Oc1c2ccccc2c(cc1[N+]([O-])=O)[N+]([O-])=O,O=[N+]([O-])c1cc([N+](=O)[O-])c2ccccc2c1O,1
296,[O-][N+](=O)c1ccc2c(Cc3cc(ccc23)[N+]([O-])=O)c1,O=[N+]([O-])c1ccc2c(c1)Cc1cc([N+](=O)[O-])ccc1-2,1
297,CC(=O)C(Br)CBr,CC(=O)C(Br)CBr,1
298,Oc1c(Br)cc(cc1Br)C#N,N#Cc1cc(Br)c(O)c(Br)c1,1
299,Brc1ccccc1Br,Brc1ccccc1Br,1
300,Nc1ccc(Br)cc1Br,Nc1ccc(Br)cc1Br,1
301,Nc1cc(Br)ccc1Br,Nc1cc(Br)ccc1Br,1
302,CC(Br)CBr,CC(Br)CBr,1
303,FC(F)(Br)Br,FC(F)(Br)Br,1
304,BrCBr,BrCBr,1
305,CN(N=O)C(=O)c1ccc(cc1)C(=O)N(C)N=O,CN(N=O)C(=O)c1ccc(C(=O)N(C)N=O)cc1,1
306,Oc1ccc(N=O)c(O)c1N=O,O=Nc1ccc(O)c(N=O)c1O,1
307,O=NN1CN2CN(C1)CN(C2)N=O,O=NN1CN2CN(C1)CN(N=O)C2,1
308,C1OC1C2CO2,C1OC1C1CO1,1
309,CCO[P](=O)(OCC)SCCN(CC)CC.OC(=O)C(O)=O,CCOP(=O)(OCC)SCCN(CC)CC.O=C(O)C(=O)O,1
310,[H+].[Cl-].CCN(CC)CCCl,CCN(CC)CCCl.[Cl-].[H+],1
311,[O-][N+](=O)OCCOCCO[N+]([O-])=O,O=[N+]([O-])OCCOCCO[N+](=O)[O-],1
312,CCN(CC)CCCN,CCN(CC)CCCN,1
313,CCN(CC)c1cccc2ccccc12,CCN(CC)c1cccc2ccccc12,1
314,CCO[P](=O)(OCC)N=C1SCCS1,CCOP(=O)(N=C1SCCS1)OCC,1
315,CCO[P](=O)(OCC)N=C1SCC(C)S1,CCOP(=O)(N=C1SCC(C)S1)OCC,1
316,CCO[P](=O)(OCC)N=C1SCS1,CCOP(=O)(N=C1SCS1)OCC,1
317,CCO[P](=O)(OCC)OC(\C=C\OCCCl)C(Cl)Cl,CCOP(=O)(OCC)OC(/C=C/OCCCl)C(Cl)Cl,1
318,CCO[P](=S)(OCC)Oc1ccc2C(=C(Cl)C(=O)Oc2c1)C,CCOP(=S)(OCC)Oc1ccc2c(C)c(Cl)c(=O)oc2c1,1
319,CCO[P](=O)(OCC)Oc1ccc(cc1)[N+]([O-])=O,CCOP(=O)(OCC)Oc1ccc([N+](=O)[O-])cc1,1
320,CCO[P](=S)(OCC)Oc1cc(Cl)c(Br)cc1Cl,CCOP(=S)(OCC)Oc1cc(Cl)c(Br)cc1Cl,1
321,CCO[P](=O)(OCC)OC(=C\Cl)/c1ccc(Cl)cc1Cl,CCOP(=O)(OCC)O/C(=C\Cl)c1ccc(Cl)cc1Cl,1
322,CCO[P](=S)(OCC)Oc1cc(Cl)c(SC)cc1Cl,CCOP(=S)(OCC)Oc1cc(Cl)c(SC)cc1Cl,1
323,CCO[P](=S)(OCC)Oc1cnccn1,CCOP(=S)(OCC)Oc1cnccn1,1
324,CCO[P](=S)(OCC)Oc1cnc2ccccc2n1,CCOP(=S)(OCC)Oc1cnc2ccccc2n1,1
325,CCO[P](=S)(OCC)SCSc1cc(Cl)ccc1Cl,CCOP(=S)(OCC)SCSc1cc(Cl)ccc1Cl,1
326,CCO[P](=S)(OCC)SC(CCl)N1C(=O)c2ccccc2C1=O,CCOP(=S)(OCC)SC(CCl)N1C(=O)c2ccccc2C1=O,1
327,CCO[P](=S)(OCC)SCC[S](=O)CC,CCOP(=S)(OCC)SCCS(=O)CC,1
328,CCO[P](=S)(OCC)SCCSCC,CCOP(=S)(OCC)SCCSCC,1
329,CCO[P](=S)(OCC)SCSc1ccc(Cl)cc1,CCOP(=S)(OCC)SCSc1ccc(Cl)cc1,1
330,CCO[P](=O)(OCC)Sc1ccc(cc1)[N+]([O-])=O,CCOP(=O)(OCC)Sc1ccc([N+](=O)[O-])cc1,1
331,CCO[P](=S)(OCC)SCSCC,CCOP(=S)(OCC)SCSCC,1
332,CCO[P](=S)(OCC)SCC(=O)NC(C)C,CCOP(=S)(OCC)SCC(=O)NC(C)C,1
333,CCO[P](=O)(OCC)SCC(=O)NC(C)(C)C#N,CCOP(=O)(OCC)SCC(=O)NC(C)(C)C#N,1
334,CCO[P](=S)(OCC)SCCl,CCOP(=S)(OCC)SCCl,1
335,CCO[P](=S)(OCC)SCSC(C)(C)C,CCOP(=S)(OCC)SCSC(C)(C)C,1
336,CCO[P](=S)(OCC)SC[S](=O)CC,CCOP(=S)(OCC)SCS(=O)CC,1
337,CCN(CC)CCCC(C)N,CCN(CC)CCCC(C)N,1
338,CCN(CC)C#N,CCN(C#N)CC,1
339,CCc1cccc(CC)c1N(COC)C(=O)CCl,CCc1cccc(CC)c1N(COC)C(=O)CCl,1
340,CCN(CC)c1ccc(C)cc1,CCN(CC)c1ccc(C)cc1,1
341,CCN(CC)C(=S)SCC(Cl)=C,C=C(Cl)CSC(=S)N(CC)CC,1
342,CCNNCC,CCNNCC,1
343,CCN(CC)C(=O)c1ccccc1C,CCN(CC)C(=O)c1ccccc1C,1
344,CCO[P](Cl)(=S)OCC,CCOP(=S)(Cl)OCC,1
345,CCN(CC)CCN,CCN(CC)CCN,1
346,CCSCC,CCSCC,1
347,C=COC=C,C=COC=C,1
348,CCOC(OCC)C=C,C=CC(OCC)OCC,1
349,CCOCOCC,CCOCOCC,1
350,CC(O)CNCC(C)O,CC(O)CNCC(C)O,1
351,CC(C)O[P](=S)(OC(C)C)SCCN[S](=O)(=O)c1ccccc1,CC(C)OP(=S)(OC(C)C)SCCNS(=O)(=O)c1ccccc1,1
352,CCN(C(C)C)C(C)C,CCN(C(C)C)C(C)C,1
353,CC(C)N(CCO)C(C)C,CC(C)N(CCO)C(C)C,1
354,CC(C)CCOCCC(C)C,CC(C)CCOCCC(C)C,0
355,CCCOC(=O)OOC(=O)OCCC,CCCOC(=O)OOC(=O)OCCC,1
356,CCCCOC(=O)OOC(=O)OCCCC,CCCCOC(=O)OOC(=O)OCCCC,1
357,CCC(C)NC(C)CC,CCC(C)NC(C)CC,1
358,ClC(=O)c1occc1,O=C(Cl)c1ccco1,1
359,[O-][N+](=O)c1ccc(F)c(c1)[N+]([O-])=O,O=[N+]([O-])c1ccc(F)c([N+](=O)[O-])c1,1
360,Nc1ccccc1F,Nc1ccccc1F,1
361,Nc1cccc(F)c1,Nc1cccc(F)c1,1
362,Nc1ccc(F)cc1,Nc1ccc(F)cc1,1
363,Fc1ccccc1,Fc1ccccc1,1
364,Cc1ccc(F)cc1.Cc2cccc(F)c2.Cc3ccccc3F,Cc1ccc(F)cc1.Cc1cccc(F)c1.Cc1ccccc1F,1
365,Cc1ccccc1F,Cc1ccccc1F,1
366,Cc1cccc(F)c1,Cc1cccc(F)c1,1
367,Cc1ccc(F)cc1,Cc1ccc(F)cc1,1
368,CF,CF,1
369,OC(=O)CF,O=C(O)CF,1
370,FCC(=O)NNc1ccccc1,O=C(CF)NNc1ccccc1,1
371,COC(=O)CF,COC(=O)CF,1
372,CCOC(=O)CF,CCOC(=O)CF,1
373,CCF,CCF,1
374,NC(=O)CF,NC(=O)CF,1
375,N#CCCCCCC#N,N#CCCCCCC#N,1
376,CCCCCCC#N,CCCCCCC#N,1
377,CCCCCC#C,C#CCCCCC,0
378,CCCCCCC(O)=O,CCCCCCC(=O)O,1
379,CCCC\C=C\C,C/C=C/CCCC,1
380,CCC\C=C\CC,CC/C=C/CCC,1
381,CNC(=O)O\N=C1/[C@@H](Cl)C2C[C@H](C#N)C1C2,CNC(=O)O/N=C1/C2CC(C[C@@H]2C#N)[C@@H]1Cl,1
382,ClC(=O)CCCCCCCCC(Cl)=O,O=C(Cl)CCCCCCCCC(=O)Cl,0
383,CCCCC(CC)COC(=O)OOC(=O)OCC(CC)CCCC,CCCCC(CC)COC(=O)OOC(=O)OCC(CC)CCCC,0
384,CCC(C)(C)OOC(=O)c1ccccc1,CCC(C)(C)OOC(=O)c1ccccc1,1
385,CCCCCCCCCC(=O)OOC(=O)CCCCCCCCC,CCCCCCCCCC(=O)OOC(=O)CCCCCCCCC,1
386,OCC1CC1,OCC1CC1,0
387,C1C=CC=CC=C1,C1=CC=CCC=C1,0
388,O=C1CCCCCC1,O=C1CCCCCC1,1
389,C1CCC=CCC1,C1=CCCCCC1,1
390,[NH3+][C@H]1CCCC[C@H]1[NH3+],[NH3+][C@@H]1CCCC[C@@H]1[NH3+],1
391,C1CC=CC=C1,C1=CCCC=C1,0
392,C1C=CCC=C1,C1=CCC=CC1,0
393,CCC(C)C1CCCCC1,CCC(C)C1CCCCC1,1
394,CC(C)CC1CCCCC1,CC(C)CC1CCCCC1,1
395,CCCCC1CCCCC1,CCCCC1CCCCC1,1
396,O=C1CCCC=C1,O=C1C=CCCC1,1
397,NC1CCCC1,NC1CCCC1,1
398,C1C=CC=C1,C1=CCC=C1,1
399,C1CC=CC1,C1=CCCC1,1
400,C1CC\C=C/C=C\C1,C1=C\CCCC\C=C/1,1
401,C/1=C/C=C\C=C/C=C1,C1=C\C=C/C=C\C=C/1,1
402,C1CCCCCCC1,C1CCCCCCC1,0
403,C1CCC\C=C/CC1,C1=C\CCCCCC/1,1
404,O=CC1CO1,O=CC1CO1,1
405,CCOCC1CO1,CCOCC1CO1,1
406,C1OC1COc2ccccc2,c1ccc(OCC2CO2)cc1,1
407,CC12CCC(CC1)C(C)(C)O2,CC12CCC(CC1)C(C)(C)O2,1
408,NCCCCCCN,NCCCCCCN,1
409,CC/C=C/C=C,C=C/C=C/CC,1
410,C=CCCC=C,C=CCCC=C,0
411,C/C=C/C=C\C,C/C=C\C=C\C,1
412,ClC(=O)CCCCC(Cl)=O,O=C(Cl)CCCCC(=O)Cl,0
413,CCCCCC#N,CCCCCC#N,1
414,CCCCCCS,CCCCCCS,1
415,CCCCC#C,C#CCCCC,0
416,CCCC#CC,CC#CCCC,0
417,CCC#CCC,CCC#CCC,0
418,CCCC(=O)CC,CCCC(=O)CC,1
419,CCC\C=C/C,C/C=C\CCC,1
420,C/C=C/C(O)C#C,C#CC(O)/C=C/C,1
421,CC(=O)CCC=C,C=CCCC(C)=O,1
422,CCCCCC(Cl)=O,CCCCCC(=O)Cl,1
423,Cc1c(cccc1N=C=O)N=C=O,Cc1c(N=C=O)cccc1N=C=O,1
424,Cc1ccccc1S,Cc1ccccc1S,1
425,Cc1cccc(S)c1,Cc1cccc(S)c1,1
426,Cc1ccc(S)cc1,Cc1ccc(S)cc1,1
427,Cc1ccc2nc3SC(=O)Sc3nc2c1,Cc1ccc2nc3sc(=O)sc3nc2c1,0
428,CC(C)CS,CC(C)CS,1
429,CCC(C)CS,CCC(C)CS,1
430,CC(C)CCS,CC(C)CCS,1
431,CC1CCC=CC1,CC1CC=CCC1,1
432,CC1=CCCC1,CC1=CCCC1,1
433,CCC(C)(O)C#C,C#CC(C)(O)CC,1
434,CCCC(C)=C,C=C(C)CCC,1
435,CCC(C)C=C,C=CC(C)CC,1
436,CC(C)CC=C,C=CCC(C)C,1
437,CC(C)C(C)O,CC(C)C(C)O,1
438,CCC(C)(C)S,CCC(C)(C)S,1
439,CC=C(C)C,CC=C(C)C,1
440,CCCC(C)(C)O,CCCC(C)(C)O,1
441,CCC(C)C(C)=O,CCC(C)C(C)=O,1
442,CCC=C(C)C,CCC=C(C)C,1
443,CC\C(C)=C\C,C/C=C(\C)CC,1
444,C\C=C/C(C)C,C/C=C\C(C)C,1
445,C\C(=C\CO)C#C,C#C/C(C)=C\CO,1
446,CCCc1cccc(C)c1,CCCc1cccc(C)c1,1
447,CC(C)(O)C#C,C#CC(C)(C)O,1
448,CCC(O)C(C)C,CCC(O)C(C)C,1
449,CCC(C)(O)CC,CCC(C)(O)CC,1
450,CCC(=O)C(C)C,CCC(=O)C(C)C,1
451,CCC(CC)C(C)C,CCC(CC)C(C)C,1
452,Cc1cc(cc(c1O)[N+]([O-])=O)[N+]([O-])=O,Cc1cc([N+](=O)[O-])cc([N+](=O)[O-])c1O,1
453,CCCc1ccc(C)cc1,CCCc1ccc(C)cc1,1
454,COc1ccc(C)cc1N,COc1ccc(C)cc1N,1
455,CNC(=O)O\N=C(/C)SC,CNC(=O)O/N=C(\C)SC,1
456,CO[P](N)(=S)Oc1ccccc1C(=O)OC(C)C,COP(N)(=S)Oc1ccccc1C(=O)OC(C)C,1
457,CO[P](=S)(Oc1cc(Cl)c(Br)cc1Cl)c2ccccc2,COP(=S)(Oc1cc(Cl)c(Br)cc1Cl)c1ccccc1,1
458,CO[P](=S)(NC(C)C)Oc1ccccc1C(=O)OC(C)C,COP(=S)(NC(C)C)Oc1ccccc1C(=O)OC(C)C,1
459,CO[P](N)(=O)SC,COP(N)(=O)SC,1
460,CNC(=O)O\N=C(SC)\C(=O)N(C)C,CNC(=O)O/N=C(\SC)C(=O)N(C)C,1
461,CNC(=O)O\N=C\C(C)(C)SC,CNC(=O)O/N=C/C(C)(C)SC,1
462,CNC(=O)O\N=C(\CSC)C(C)(C)C,CNC(=O)O/N=C(/CSC)C(C)(C)C,1
463,CNc1ccccc1,CNc1ccccc1,1
464,Cc1ccccc1C#N,Cc1ccccc1C#N,1
465,Cc1cccc(c1)C#N,Cc1cccc(C#N)c1,1
466,Cc1ccc(cc1)C#N,Cc1ccc(C#N)cc1,1
467,Cc1ccc(C=C)cc1,C=Cc1ccc(C)cc1,1
468,Cc1cccnc1,Cc1cccnc1,1
469,CCO[P](=O)(OCC)Oc1cc(C)[nH]n1,CCOP(=O)(OCC)Oc1cc(C)[nH]n1,1
470,Cc1ccccc1CBr,Cc1ccccc1CBr,1
471,CN(Cc1ccccc1)N=O,CN(Cc1ccccc1)N=O,1
472,CCCOC,CCCOC,1
473,CC(=C)C(=O)OCC=C,C=CCOC(=O)C(=C)C,1
474,CC(C)COC(=O)C(C)=C,C=C(C)C(=O)OCC(C)C,1
475,CCCC(C)c1cccc(OC(=O)NC)c1.CCC(CC)c2cccc(OC(=O)NC)c2,CCC(CC)c1cccc(OC(=O)NC)c1.CCCC(C)c1cccc(OC(=O)NC)c1,1
476,Cc1occc1,Cc1ccco1,1
477,CCCCCC(C)C,CCCCCC(C)C,1
478,CCCCC(C)CC,CCCCC(C)CC,1
479,CCCC(C)CCC,CCCC(C)CCC,1
480,CC1CCC(=O)CC1,CC1CCC(=O)CC1,1
481,CC1=CC=CC1,CC1=CC=CC1,1
482,C[S](O)(=O)=O,CS(=O)(=O)O,1
483,C[S](Cl)(=O)=O,CS(=O)(=O)Cl,1
484,CCCC(C)CC,CCCC(C)CC,1
485,Cc1ccc2ccccc2n1,Cc1ccc2ccccc2n1,0
486,Cc1ccnc2ccccc12,Cc1ccnc2ccccc12,1
487,Cc1ccc2ncccc2c1,Cc1ccc2ncccc2c1,0
488,Cc1ccc2cccnc2c1,Cc1ccc2cccnc2c1,0
489,Cc1cccc2cccnc12,Cc1cccc2cccnc12,1
490,CN1CCOCC1,CN1CCOCC1,1
491,Cc1ccc2ccccc2c1,Cc1ccc2ccccc2c1,0
492,CC1CCCCN1,CC1CCCCN1,1
493,C[C@H]1CCCNC1,C[C@H]1CCCNC1,1
494,CC1CCNCC1,CC1CCNCC1,1
495,[H+].[Cl-].CN1CCCCC1,CN1CCCCC1.[Cl-].[H+],1
496,Cc1cscc1,Cc1ccsc1,1
497,CC(=O)C(C)(C)C,CC(=O)C(C)(C)C,1
498,COC(C)(C)C,COC(C)(C)C,1
499,CC1CCCO1,CC1CCCO1,1
500,CCCCC(C)O,CCCCC(C)O,1
501,CC(C)=CC=C,C=CC=C(C)C,1
502,CC(C)CCC#N,CC(C)CCC#N,1
503,CC(=C)CO,C=C(C)CO,1
504,CCCCC(C)C,CCCCC(C)C,1
505,Cc1nccc2ccccc12,Cc1nccc2ccccc12,1
506,Cc1cc2ccccc2cn1,Cc1cc2ccccc2cn1,0
507,Cc1cncc2ccccc12,Cc1cncc2ccccc12,1
508,Cc1cccc2cnccc12,Cc1cccc2cnccc12,1
509,Cc1ccc2cnccc2c1,Cc1ccc2cnccc2c1,0
510,Cc1ccc2ccncc2c1,Cc1ccc2ccncc2c1,0
511,Cc1cccc2ccncc12,Cc1cccc2ccncc12,1
512,CCCCOC,CCCCOC,1
513,O=COC1CCCCC1,O=COC1CCCCC1,1
514,C=CCOC=O,C=CCOC=O,1
515,CC(C)COC=O,CC(C)COC=O,1
516,CC(C)CCOC=O,CC(C)CCOC=O,1
517,CCCOC=O,CCCOC=O,1
518,CCCCOC=O,CCCCOC=O,1
519,CCCCCCOC=O,CCCCCCOC=O,1
520,CCCCCOC=O,CCCCCOC=O,1
521,C[S](F)(=O)=O,CS(=O)(=O)F,1
522,COC(C)(C)CC(C)=O,COC(C)(C)CC(C)=O,1
523,COc1ccc(cc1)C(Cl)=O,COc1ccc(C(=O)Cl)cc1,1
524,[Cl-].COc1ccc(Nc2ccc(cc2)[N+]#N)cc1,COc1ccc(Nc2ccc([N+]#N)cc2)cc1.[Cl-],0
525,COC(C)CCOC(C)=O,COC(C)CCOC(C)=O,1
526,COCC(=O)OC,COCC(=O)OC,1
527,COCN=C=O,COCN=C=O,1
528,ClC(=O)c1cccc(c1)C(Cl)=O,O=C(Cl)c1cccc(C(=O)Cl)c1,1
529,Oc1cc(O)cc(O)c1,Oc1cc(O)cc(O)c1,1
530,O[S](=O)(=O)c1cccc(c1)[N+]([O-])=O,O=[N+]([O-])c1cccc(S(=O)(=O)O)c1,1
531,CC(C)c1cccc(O)c1,CC(C)c1cccc(O)c1,1
532,CC1(C)C2CCC(C2)C1=C,C=C1C2CCC(C2)C1(C)C,1
533,NCc1occc1,NCc1ccco1,1
534,OC1=C(C2CC(Cc3ccccc23)c4ccc(cc4)c5ccccc5)C(=O)c6ccccc6O1,O=c1c(C2CC(c3ccc(-c4ccccc4)cc3)Cc3ccccc32)c(O)oc2ccccc12,0
535,[H+].[Cl-].Nc1ccccc1S,Nc1ccccc1S.[Cl-].[H+],1
536,Nc1ccccc1.OC(=O)c2ccccc2C(O)=O,Nc1ccccc1.O=C(O)c1ccccc1C(=O)O,1
537,ClC(=O)c1ccccc1C(Cl)=O,O=C(Cl)c1ccccc1C(=O)Cl,1
538,O=C1NC(=O)c2ccccc12,O=C1NC(=O)c2ccccc21,1
539,Cc1ccccc1[S](Cl)(=O)=O,Cc1ccccc1S(=O)(=O)Cl,1
540,O[S](=O)(=O)c1ccccc1[N+]([O-])=O,O=[N+]([O-])c1ccccc1S(=O)(=O)O,1
541,CCc1ccccc1[N+]([O-])=O,CCc1ccccc1[N+](=O)[O-],1
542,CC(C)c1ccccc1O,CC(C)c1ccccc1O,1
543,Cc1ccc(O[P](=O)(Oc2ccc(C)cc2)Oc3ccc(C)cc3)cc1,Cc1ccc(OP(=O)(Oc2ccc(C)cc2)Oc2ccc(C)cc2)cc1,1
544,N#CCCSCCC#N,N#CCCSCCC#N,1
545,SCc1occc1,SCc1ccco1,1
546,NC=S,NC=S,1
547,Cl[P](Cl)(Cl)=S,S=P(Cl)(Cl)Cl,1
548,CCSC(Cl)=O,CCSC(=O)Cl,1
549,CC(S)=O,CC(=O)S,1
550,CN=C=S,CN=C=S,1
551,NC(N)=S,NC(N)=S,1
552,CSC#N,CSC#N,1
553,CCSC#N,CCSC#N,1
554,CC(C)SC#N,CC(C)SC#N,1
555,Cc1ccc([NH3+])cc1[NH3+].[O-][S]([O-])(=O)=O,Cc1ccc([NH3+])cc1[NH3+].O=S(=O)([O-])[O-],1
556,Cc1cc(N)ccc1N.O[S](O)(=O)=O,Cc1cc(N)ccc1N.O=S(=O)(O)O,1
557,CCOc1cc(N2CCOCC2)c(OCC)cc1[N+]#N.O[S]([O-])(=O)=O,CCOc1cc(N2CCOCC2)c(OCC)cc1[N+]#N.O=S(=O)([O-])O,1
558,Nc1ccc(cc1)c2ccc(N)cc2.O[S](O)(=O)=O,Nc1ccc(-c2ccc(N)cc2)cc1.O=S(=O)(O)O,1
559,CN(C)c1ccc(N)cc1.O[S](O)(=O)=O,CN(C)c1ccc(N)cc1.O=S(=O)(O)O,1
560,Nc1ccccc1.Nc2ccccc2.O[S](O)(=O)=O,Nc1ccccc1.Nc1ccccc1.O=S(=O)(O)O,1
561,NNc1ccccc1.O[S](O)(=O)=O,NNc1ccccc1.O=S(=O)(O)O,1
562,Nc1ccc(N)cc1.O[S](O)(=O)=O,Nc1ccc(N)cc1.O=S(=O)(O)O,1
563,Nc1cccc(N)c1.O[S](O)(=O)=O,Nc1cccc(N)c1.O=S(=O)(O)O,1
564,[NH3+]O.[NH3+]O.[O-][S]([O-])(=O)=O,O=S(=O)([O-])[O-].[NH3+]O.[NH3+]O,1
565,FC(F)(F)C(/Cl)=C(\Cl)C(F)(F)F,FC(F)(F)/C(Cl)=C(\Cl)C(F)(F)F,1
566,FC(F)(F)C(=O)C(F)(F)F,O=C(C(F)(F)F)C(F)(F)F,1
567,FC(F)=C(F)C(F)(F)F,FC(F)=C(F)C(F)(F)F,1
568,FC(F)(F)C(F)(F)F,FC(F)(F)C(F)(F)F,1
569,C[C@@]12[C@H]3CC[C@H](O3)[C@]1(C)C(=O)OC2=O,C[C@@]12C(=O)OC(=O)[C@]1(C)[C@H]1CC[C@@H]2O1,1
570,ClC1=C(Cl)C2(Cl)C3CO[S](=O)OCC3C1(Cl)C2(Cl)Cl,O=S1OCC2C(CO1)C1(Cl)C(Cl)=C(Cl)C2(Cl)C1(Cl)Cl,1
571,ClC(Cl)(Cl)C(=O)C(Cl)(Cl)Cl,O=C(C(Cl)(Cl)Cl)C(Cl)(Cl)Cl,1
572,ClC1=C(Cl)C(Cl)(Cl)C(=C1Cl)Cl,ClC1=C(Cl)C(Cl)(Cl)C(Cl)=C1Cl,1
573,ClC1C(Cl)C(Cl)C(Cl)C(Cl)C1Cl,ClC1C(Cl)C(Cl)C(Cl)C(Cl)C1Cl,1
574,ClC(Cl)(Cl)C(Cl)(Cl)Cl,ClC(Cl)(Cl)C(Cl)(Cl)Cl,1
575,Brc1cc(Br)c(Oc2cc(Br)cc(Br)c2Br)c(Br)c1,Brc1cc(Br)c(Oc2cc(Br)cc(Br)c2Br)c(Br)c1,1
576,Brc1cc(Br)c(Oc2cc(Br)c(Br)cc2Br)cc1Br,Brc1cc(Br)c(Oc2cc(Br)c(Br)cc2Br)cc1Br,1
577,Brc1ccc(c(Br)c1Br)c2ccc(Br)c(Br)c2Br,Brc1ccc(-c2ccc(Br)c(Br)c2Br)c(Br)c1Br,1
578,O=C=NCCCCCCN=C=O,O=C=NCCCCCCN=C=O,1
579,CCSC(=O)N1CCCCCC1,CCSC(=O)N1CCCCCC1,1
580,C1N2CN3CN1CN(C2)C3,C1N2CN3CN1CN(C2)C3,1
581,C1CCCNCC1,C1CCCNCC1,1
582,OCC(O)CCl,OCC(O)CCl,1
583,OCCCCl,OCCCCl,1
584,CC(Cl)C=C,C=CC(C)Cl,1
585,CC(Cl)CBr,CC(Cl)CBr,1
586,FC(F)(F)CCl,FC(F)(F)CCl,1
587,Nc1cc(Cl)ccc1O,Nc1cc(Cl)ccc1O,1
588,C/C=C/CCl,C/C=C/CCl,1
589,Cc1ccc(Cl)cc1N,Cc1ccc(Cl)cc1N,1
590,CN(C)C=Nc1ccc(Cl)cc1C,Cc1cc(Cl)ccc1N=CN(C)C,1
591,CCC(C)(C)Cl,CCC(C)(C)Cl,1
592,COc1ccc(Cl)cc1N,COc1ccc(Cl)cc1N,1
593,Nc1ccc(Cl)cc1[N+]([O-])=O,Nc1ccc(Cl)cc1[N+](=O)[O-],1
594,Oc1ccc(Cl)cc1[N+]([O-])=O,O=[N+]([O-])c1cc(Cl)ccc1O,1
595,Cc1ccc(Cl)cc1[N+]([O-])=O,Cc1ccc(Cl)cc1[N+](=O)[O-],1
596,CC(Br)CCl,CC(Br)CCl,1
597,ClCCBr,ClCCBr,1
598,Cc1cc(O)ccc1Cl,Cc1cc(O)ccc1Cl,1
599,CC(C)CCCl,CC(C)CCCl,1
600,ClCCCBr,ClCCCBr,1
601,CNC(=O)Oc1ccc(C)c(C)c1Cl,CNC(=O)Oc1ccc(C)c(C)c1Cl,1
602,CN(C)c1cc(C)nc(Cl)n1,Cc1cc(N(C)C)nc(Cl)n1,1
603,COc1ccc(N)cc1Cl,COc1ccc(N)cc1Cl,0
604,Nc1ccc(cc1Cl)[N+]([O-])=O,Nc1ccc([N+](=O)[O-])cc1Cl,1
605,Nc1ccccc1Cl,Nc1ccccc1Cl,1
606,Nc1cccc(Cl)c1,Nc1cccc(Cl)c1,1
607,Nc1ccc(Cl)cc1,Nc1ccc(Cl)cc1,1
608,Oc1cccc(Cl)c1,Oc1cccc(Cl)c1,1
609,Clc1ccc(cc1)C(C(=O)C2C(=O)c3ccccc3C2=O)c4ccccc4,O=C1c2ccccc2C(=O)C1C(=O)C(c1ccccc1)c1ccc(Cl)cc1,1
610,ClCC#CCOC(=O)Nc1cccc(Cl)c1,O=C(Nc1cccc(Cl)c1)OCC#CCCl,1
611,ClC(=O)c1ccccc1Cl,O=C(Cl)c1ccccc1Cl,1
612,ClC(=O)c1ccc(Cl)cc1,O=C(Cl)c1ccc(Cl)cc1,1
613,Clc1ccccn1,Clc1ccccn1,1
614,ClCc1ccc(Cl)cc1,ClCc1ccc(Cl)cc1,1
615,OC(=O)CCCl,O=C(O)CCCl,1
616,COC(=O)C(C)Cl,COC(=O)C(C)Cl,1
617,CCOC(=O)C(C)Cl,CCOC(=O)C(C)Cl,1
618,CCOC(=O)CCCl,CCOC(=O)CCCl,1
619,CC(C)OC(=O)C(C)Cl,CC(C)OC(=O)C(C)Cl,1
620,CCO[P](Cl)(=O)OCC,CCOP(=O)(Cl)OCC,1
621,CC(C)(C)Cl,CC(C)(C)Cl,1
622,CC(C)CCl,CC(C)CCl,1
623,CCCCCCCl,CCCCCCCl,1
624,CCC(C)Cl,CCC(C)Cl,1
625,FC(F)(Cl)Br,FC(F)(Cl)Br,1
626,Fc1ccccc1Cl,Fc1ccccc1Cl,1
627,Fc1cccc(Cl)c1,Fc1cccc(Cl)c1,1
628,Fc1ccc(Cl)cc1,Fc1ccc(Cl)cc1,1
629,Oc1ccccc1[Hg]Cl,Oc1ccccc1[Hg]Cl,1
630,Cl[S](=O)(=O)O[S](Cl)(=O)=O,O=S(=O)(Cl)OS(=O)(=O)Cl,1
631,[Cl-].[Cl-].C[N+](C)(C)CCOC(=O)CCC(=O)OCC[N+](C)(C)C,C[N+](C)(C)CCOC(=O)CCC(=O)OCC[N+](C)(C)C.[Cl-].[Cl-],1
632,ClC1CCCC1,ClC1CCCC1,1
633,Clc1ccc(cc1)c2ccccc2,Clc1ccc(-c2ccccc2)cc1,1
634,Cc1cccc(Cl)c1,Cc1cccc(Cl)c1,1
635,Cc1ccc(Cl)cc1,Cc1ccc(Cl)cc1,1
636,CCOCCl,CCOCCl,1
637,CCCCC(CC)COC(Cl)=O,CCCCC(CC)COC(=O)Cl,1
638,ClC(=O)Oc1ccccc1,O=C(Cl)Oc1ccccc1,1
639,ClC(=O)OCc1ccccc1,O=C(Cl)OCc1ccccc1,1
640,ClC(=O)OC1CCC1,O=C(Cl)OC1CCC1,1
641,COC(Cl)=O,COC(=O)Cl,1
642,ClCOC(Cl)=O,O=C(Cl)OCCl,1
643,ClC(=O)OC(Cl)(Cl)Cl,O=C(Cl)OC(Cl)(Cl)Cl,1
644,CC(C)OC(Cl)=O,CC(C)OC(=O)Cl,1
645,CC(C)COC(Cl)=O,CC(C)COC(=O)Cl,0
646,CCCOC(Cl)=O,CCCOC(=O)Cl,1
647,CCCCOC(Cl)=O,CCCCOC(=O)Cl,1
648,Cc1cccc(O)c1Cl,Cc1cccc(O)c1Cl,1
649,Cc1ccc(Cl)c(O)c1,Cc1ccc(Cl)c(O)c1,1
650,FC(F)(F)c1ccccc1Cl,FC(F)(F)c1ccccc1Cl,1
651,FC(F)(F)c1cccc(Cl)c1,FC(F)(F)c1cccc(Cl)c1,1
652,[O-][N+](=O)c1ccccc1Cl,O=[N+]([O-])c1ccccc1Cl,1
653,ClCBr,ClCBr,1
654,ClCC#N,N#CCCl,1
655,CCCCOC(=O)CCl,CCCCOC(=O)CCl,1
656,ClCC(=O)OC(=O)CCl,O=C(CCl)OC(=O)CCl,1
657,CC(C)(C)OC(=O)CCl,CC(C)(C)OC(=O)CCl,1
658,ClCC(=O)OC=C,C=COC(=O)CCl,1
659,CC(C)OC(=O)CCl,CC(C)OC(=O)CCl,1
660,CC(=O)CC(=O)Nc1ccccc1Cl,CC(=O)CC(=O)Nc1ccccc1Cl,1
661,CCOC(=O)CCCCl,CCOC(=O)CCCCl,1
662,Nc1ccc2ccccc2c1,Nc1ccc2ccccc2c1,1
663,O=C1OC(=O)c2cccc3cccc1c23,O=C1OC(=O)c2cccc3cccc1c23,1
664,NC(=S)Nc1cccc2ccccc12,NC(=S)Nc1cccc2ccccc12,1
665,N#Cc1cccc2ccccc12,N#Cc1cccc2ccccc12,1
666,COC(C)(C)CC(C)(N=NC(C)(CC(C)(C)OC)C#N)C#N,COC(C)(C)CC(C)(C#N)N=NC(C)(C#N)CC(C)(C)OC,1
667,CC(C)CC(C)(N=NC(C)(CC(C)C)C#N)C#N,CC(C)CC(C)(C#N)N=NC(C)(C#N)CC(C)C,1
668,CCOC(=O)C(C)CN=NCC(C)C(=O)OCC,CCOC(=O)C(C)CN=NCC(C)C(=O)OCC,0
669,CCC(C)(N=NC(C)(CC)C#N)C#N,CCC(C)(C#N)N=NC(C)(C#N)CC,1
670,N#CC1(CCCCC1)N=NC2(CCCCC2)C#N,N#CC1(N=NC2(C#N)CCCCC2)CCCCC1,1
671,NC(=O)N=NC(N)=O,NC(=O)N=NC(N)=O,1
672,CC(C)(N=NC(C)(C)C#N)C#N,CC(C)(C#N)N=NC(C)(C)C#N,1
673,CCOB(OCC)OCC,CCOB(OCC)OCC,1
674,CC(C)OB(OC(C)C)OC(C)C,CC(C)OB(OC(C)C)OC(C)C,1
675,OC(=O)C(F)(F)C(F)(F)C(F)(F)F,O=C(O)C(F)(F)C(F)(F)C(F)(F)F,1
676,Brc1cccc(Oc2c(Br)c(Br)c(Br)c(Br)c2Br)c1Br,Brc1cccc(Oc2c(Br)c(Br)c(Br)c(Br)c2Br)c1Br,1
677,ClC1C=CC2C1C3(Cl)C(=C(Cl)C2(Cl)C3(Cl)Cl)Cl,ClC1=C(Cl)C2(Cl)C3C(Cl)C=CC3C1(Cl)C2(Cl)Cl,1
678,CC(O)C(C)=O,CC(=O)C(C)O,1
679,OCC#N,N#CCO,1
680,CCSCCO,CCSCCO,1
681,CCOC(=O)C(C)(C)O,CCOC(=O)C(C)(C)O,1
682,CN(CCO)[S](=O)(=O)C(F)(F)C(F)(F)C(F)(F)C(F)(F)C(F)(F)C(F)(F)C(F)(F)C(F)(F)F,CN(CCO)S(=O)(=O)C(F)(F)C(F)(F)C(F)(F)C(F)(F)C(F)(F)C(F)(F)C(F)(F)C(F)(F)F,1
683,CC1(C)C(C=C(Cl)Cl)C1C(=O)OC(C#N)c2cccc(Oc3ccccc3)c2,CC1(C)C(C=C(Cl)Cl)C1C(=O)OC(C#N)c1cccc(Oc2ccccc2)c1,1
684,OC(=O)c1ccc(cc1)C#N,N#Cc1ccc(C(=O)O)cc1,1
685,OC(=O)CC#N,N#CCC(=O)O,1
686,Clc1nc(Cl)nc(Cl)n1,Clc1nc(Cl)nc(Cl)n1,1
687,N.CC(S)C(O)=O,CC(S)C(=O)O.N,1
688,OC(=O)CS,O=C(O)CS,1
689,O[S](=O)(=O)C(F)(F)C(F)(F)C(F)(F)C(F)(F)C(F)(F)C(F)(F)C(F)(F)C(F)(F)F,O=S(=O)(O)C(F)(F)C(F)(F)C(F)(F)C(F)(F)C(F)(F)C(F)(F)C(F)(F)C(F)(F)F,1
690,FC(F)(F)C(F)(F)C(F)(F)C(F)(F)C(F)(F)C(F)(F)C(F)(F)C(F)(F)[S](F)(=O)=O,O=S(=O)(F)C(F)(F)C(F)(F)C(F)(F)C(F)(F)C(F)(F)C(F)(F)C(F)(F)C(F)(F)F,1
691,ClSC(Cl)(Cl)Cl,ClSC(Cl)(Cl)Cl,1
692,ClC1(Cl)C2(Cl)C3(Cl)C4(Cl)C(Cl)(Cl)C5(Cl)C3(Cl)C1(Cl)C5(Cl)C24Cl,ClC1(Cl)C2(Cl)C3(Cl)C4(Cl)C(Cl)(Cl)C5(Cl)C3(Cl)C1(Cl)C5(Cl)C24Cl,1
693,CCCCCCCCCc1ccc(OCCOCCO)cc1,CCCCCCCCCc1ccc(OCCOCCO)cc1,0
694,CCCCCCCCC[Si](Cl)(Cl)Cl,CCCCCCCCC[Si](Cl)(Cl)Cl,1
695,CCCCCC\C=C\C,C/C=C/CCCCCC,1
696,CCCCC\C=C/CC,CC/C=C\CCCCC,1
697,CCCC/C=C/CCC,CCC/C=C/CCCC,1
698,O=[P](N1CC1)(N2CC2)N3CC3,O=P(N1CC1)(N1CC1)N1CC1,1
699,CC1CN1[P](=O)(N2CC2C)N3CC3C,CC1CN1P(=O)(N1CC1C)N1CC1C,1
700,IC(I)I,IC(I)I,1
701,OC(=O)C(I)(I)I,O=C(O)C(I)(I)I,1
702,CCCCB(CCCC)CCCC,CCCCB(CCCC)CCCC,1
703,CCCCS[P](=O)(SCCCC)SCCCC,CCCCSP(=O)(SCCCC)SCCCC,1
704,CC(=O)C(F)(F)F,CC(=O)C(F)(F)F,1
705,CCCCOC(=O)C(C)Oc1ccc(Oc2ccc(cn2)C(F)(F)F)cc1,CCCCOC(=O)C(C)Oc1ccc(Oc2ccc(C(F)(F)F)cn2)cc1,1
706,Nc1ccccc1C(F)(F)F,Nc1ccccc1C(F)(F)F,1
707,Nc1cccc(c1)C(F)(F)F,Nc1cccc(C(F)(F)F)c1,1
708,FC(F)F,FC(F)F,1
709,FC(F)=C(F)Br,FC(F)=C(F)Br,1
710,OCC(F)(F)F,OCC(F)(F)F,1
711,OC(=O)C(F)(F)F,O=C(O)C(F)(F)F,1
712,FC(F)(F)C(=O)OC(=O)C(F)(F)F,O=C(OC(=O)C(F)(F)F)C(F)(F)F,1
713,CCOC(=O)C(F)(F)F,CCOC(=O)C(F)(F)F,1
714,CC(F)(F)F,CC(F)(F)F,1
715,FC(F)(F)C(Cl)=O,O=C(Cl)C(F)(F)F,1
716,Cc1cccc(C)c1C,Cc1cccc(C)c1C,1
717,CC(C)C(C)(C)C,CC(C)C(C)(C)C,1
718,CC1CC(N)CC(C)(C)C1,CC1CC(N)CC(C)(C)C1,1
719,CC(CCCCN)C(C)(C)N,CC(CCCCN)C(C)(C)N,1
720,CCC(C)CC(C)(C)C,CCC(C)CC(C)(C)C,1
721,CC(C)CCC(C)(C)C,CC(C)CCC(C)(C)C,0
722,CB(C)C,CB(C)C,1
723,CC(C)(C)CC(C)(C)OOC(=O)COc1ccccc1,CC(C)(C)CC(C)(C)OOC(=O)COc1ccccc1,0
724,CCC(C)C(C)(C)C,CCC(C)C(C)(C)C,1
725,CC(C)C(C)C(C)C,CC(C)C(C)C(C)C,1
726,CC(C)(C)C(Cl)=O,CC(C)(C)C(=O)Cl,1
727,CCCCC(C)C(C)C.CCCC(C)CC(C)C.CC(C)CC(C)C(C)C,CC(C)CC(C)C(C)C.CCCC(C)CC(C)C.CCCCC(C)C(C)C,1
728,C=CCOc1nc(OCC=C)nc(OCC=C)n1,C=CCOc1nc(OCC=C)nc(OCC=C)n1,0
729,C[C](C)C,C[C](C)C,1
730,FC(F)(Cl)C(F)(Cl)Cl,FC(F)(Cl)C(F)(Cl)Cl,1
731,ClCC(Cl)C(Cl)=C,C=C(Cl)C(Cl)CCl,1
732,Clc1ccc(cc1)C(c2ccc(Cl)cc2)C(Cl)(Cl)Cl,Clc1ccc(C(c2ccc(Cl)cc2)C(Cl)(Cl)Cl)cc1,1
733,Nc1cc(Cl)c(Cl)cc1Cl,Nc1cc(Cl)c(Cl)cc1Cl,1
734,Nc1c(Cl)cc(Cl)cc1Cl,Nc1c(Cl)cc(Cl)cc1Cl,1
735,Oc1cc(Cl)c(Cl)cc1Cl,Oc1cc(Cl)c(Cl)cc1Cl,1
736,Oc1c(Cl)cc(Cl)cc1Cl,Oc1c(Cl)cc(Cl)cc1Cl,1
737,CC(Oc1cc(Cl)c(Cl)cc1Cl)C(O)=O,CC(Oc1cc(Cl)c(Cl)cc1Cl)C(=O)O,1
738,OC(=O)COc1cc(Cl)c(Cl)cc1Cl,O=C(O)COc1cc(Cl)c(Cl)cc1Cl,0
739,Clc1cccc(Cl)c1Cl,Clc1cccc(Cl)c1Cl,1
740,Clc1cc(Cl)cc(Cl)c1,Clc1cc(Cl)cc(Cl)c1,1
741,FC(F)(Cl)C(=O)C(F)(Cl)Cl,O=C(C(F)(F)Cl)C(F)(Cl)Cl,1
742,FC(Cl)(Cl)Cl,FC(Cl)(Cl)Cl,1
743,ClC(Cl)(Cl)C#N,N#CC(Cl)(Cl)Cl,1
744,ClC(Cl)(Cl)C=O,O=CC(Cl)(Cl)Cl,1
745,OC(=O)C(Cl)(Cl)Cl,O=C(O)C(Cl)(Cl)Cl,1
746,COC(=O)C(Cl)(Cl)Cl,COC(=O)C(Cl)(Cl)Cl,1
747,ClC(=O)C(Cl)(Cl)Cl,O=C(Cl)C(Cl)(Cl)Cl,1
748,C=CCN(CC=C)CC=C,C=CCN(CC=C)CC=C,1
749,[O-][N+](=O)c1cc(cc(c1)[N+]([O-])=O)[N+]([O-])=O,O=[N+]([O-])c1cc([N+](=O)[O-])cc([N+](=O)[O-])c1,1
750,Nc1c(cc(cc1[N+]([O-])=O)[N+]([O-])=O)[N+]([O-])=O,Nc1c([N+](=O)[O-])cc([N+](=O)[O-])cc1[N+](=O)[O-],1
751,Oc1c(cc(cc1[N+]([O-])=O)[N+]([O-])=O)[N+]([O-])=O,O=[N+]([O-])c1cc([N+](=O)[O-])c(O)c([N+](=O)[O-])c1,1
752,O[S](=O)(=O)c1c(cc(cc1[N+]([O-])=O)[N+]([O-])=O)[N+]([O-])=O,O=[N+]([O-])c1cc([N+](=O)[O-])c(S(=O)(=O)O)c([N+](=O)[O-])c1,1
753,COc1c(cc(cc1[N+]([O-])=O)[N+]([O-])=O)[N+]([O-])=O,COc1c([N+](=O)[O-])cc([N+](=O)[O-])cc1[N+](=O)[O-],1
754,OC(=O)c1c(cc(cc1[N+]([O-])=O)[N+]([O-])=O)[N+]([O-])=O,O=C(O)c1c([N+](=O)[O-])cc([N+](=O)[O-])cc1[N+](=O)[O-],1
755,CN(c1c(cc(cc1[N+]([O-])=O)[N+]([O-])=O)[N+]([O-])=O)[N+]([O-])=O,CN(c1c([N+](=O)[O-])cc([N+](=O)[O-])cc1[N+](=O)[O-])[N+](=O)[O-],1
756,CCOc1ccc(c(c1[N+]([O-])=O)[N+]([O-])=O)[N+]([O-])=O,CCOc1ccc([N+](=O)[O-])c([N+](=O)[O-])c1[N+](=O)[O-],1
757,Cc1c(cc(c(C)c1[N+]([O-])=O)[N+]([O-])=O)[N+]([O-])=O,Cc1c([N+](=O)[O-])cc([N+](=O)[O-])c(C)c1[N+](=O)[O-],1
758,Cc1c(cc(cc1[N+]([O-])=O)[N+]([O-])=O)[N+]([O-])=O,Cc1c([N+](=O)[O-])cc([N+](=O)[O-])cc1[N+](=O)[O-],1
759,Oc1c(cc(c(O)c1[N+]([O-])=O)[N+]([O-])=O)[N+]([O-])=O,O=[N+]([O-])c1cc([N+](=O)[O-])c(O)c([N+](=O)[O-])c1O,1
760,Cc1c(cc(c(O)c1[N+]([O-])=O)[N+]([O-])=O)[N+]([O-])=O,Cc1c([N+](=O)[O-])cc([N+](=O)[O-])c(O)c1[N+](=O)[O-],1
761,[O-][N+](=O)c1cc(c(Cl)c(c1)[N+]([O-])=O)[N+]([O-])=O,O=[N+]([O-])c1cc([N+](=O)[O-])c(Cl)c([N+](=O)[O-])c1,1
762,[O-][N+](=O)c1ccc2c(c1)cc(cc2[N+]([O-])=O)[N+]([O-])=O,O=[N+]([O-])c1ccc2c([N+](=O)[O-])cc([N+](=O)[O-])cc2c1,1
763,[O-][N+](=O)c1ccc2c(c1)C(=O)c3cc(cc(c23)[N+]([O-])=O)[N+]([O-])=O,O=C1c2cc([N+](=O)[O-])ccc2-c2c1cc([N+](=O)[O-])cc2[N+](=O)[O-],1
764,Nc1c(Br)cc(Br)cc1Br,Nc1c(Br)cc(Br)cc1Br,1
765,BrC(Br)Br,BrC(Br)Br,1
766,BrC(Br)(Br)C=O,O=CC(Br)(Br)Br,1
767,[O-]C(=O)C(Br)(Br)Br,O=C([O-])C(Br)(Br)Br,1
768,BrC=C(Br)Br,BrC=C(Br)Br,1
769,C1CN1c2nc(nc(n2)N3CC3)N4CC4,C1CN1c1nc(N2CC2)nc(N2CC2)n1,1
770,CCCCN(CCCC)CCCC,CCCCN(CCCC)CCCC,1
771,CCCCCCCCCCCCCCCCCC(Cl)=O,CCCCCCCCCCCCCCCCCC(=O)Cl,1
772,CCCCCCCCCCCC[Si](Cl)(Cl)Cl,CCCCCCCCCCCC[Si](Cl)(Cl)Cl,1
773,CCCCCCCCCCCC(Cl)=O,CCCCCCCCCCCC(=O)Cl,1
774,CCCCCCCCCCCCCCCC(Cl)=O,CCCCCCCCCCCCCCCC(=O)Cl,1
775,ClC1(Cl)C2(Cl)C3(Cl)C4(Cl)C(=O)C5(Cl)C3(Cl)C1(Cl)C5(Cl)C24Cl,O=C1C2(Cl)C3(Cl)C4(Cl)C(Cl)(Cl)C5(Cl)C3(Cl)C1(Cl)C5(Cl)C24Cl,1
776,CCCCCCCCCCCCCC(Cl)=O,CCCCCCCCCCCCCC(=O)Cl,1
777,Brc1c(Br)c(Br)c(c(Br)c1Br)c2c(Br)c(Br)c(Br)c(Br)c2Br,Brc1c(Br)c(Br)c(-c2c(Br)c(Br)c(Br)c(Br)c2Br)c(Br)c1Br,1
778,CC(C)(C)c1ccccc1O,CC(C)(C)c1ccccc1O,1
779,CC(C)(C)c1ccc(O)cc1,CC(C)(C)c1ccc(O)cc1,1
780,CC(C)(C)C1CCCCC1,CC(C)(C)C1CCCCC1,1
781,CC(C)(C)CC(C)(C)N,CC(C)(C)CC(C)(C)N,1
782,CC(C)O[P](F)(=O)OC(C)C,CC(C)OP(=O)(F)OC(C)C,1
783,CN(CCCl)CCCl,CN(CCCl)CCCl,1
784,ClCCN(CCCl)C1=CNC(=O)NC1=O,O=c1[nH]cc(N(CCCl)CCCl)c(=O)[nH]1,1
785,CCOC(=O)C(O)(c1ccc(Cl)cc1)c2ccc(Cl)cc2,CCOC(=O)C(O)(c1ccc(Cl)cc1)c1ccc(Cl)cc1,1
786,CC(N)=N[P](=S)(Oc1ccc(Cl)cc1)Oc2ccc(Cl)cc2,CC(N)=NP(=S)(Oc1ccc(Cl)cc1)Oc1ccc(Cl)cc1,1
787,CN(C)C(=S)SSC(=S)N(C)C,CN(C)C(=S)SSC(=S)N(C)C,1
788,CN(C)[P](F)(=O)N(C)C,CN(C)P(=O)(F)N(C)C,1
789,Cc1cc(C)c(C)cc1C,Cc1cc(C)c(C)cc1C,1
790,CC(C)(C)C(C)(C)C,CC(C)(C)C(C)(C)C,1
791,C[Si](C)(C)C,C[Si](C)(C)C,1
792,CN(C)CCN(C)C,CN(C)CCN(C)C,1
793,CCC,CCC,1
794,Oc1c(Cl)cc(Cl)c(Cl)c1Cl,Oc1c(Cl)cc(Cl)c(Cl)c1Cl,1
795,ClC(Cl)C(=O)C(Cl)Cl,O=C(C(Cl)Cl)C(Cl)Cl,1
796,Clc1ccc(Cl)c(Cl)c1Cl,Clc1ccc(Cl)c(Cl)c1Cl,1
797,Clc1cc(Cl)c(Cl)c(Cl)c1,Clc1cc(Cl)c(Cl)c(Cl)c1,1
798,Clc1cc2Oc3cc(Cl)c(Cl)cc3Oc2cc1Cl,Clc1cc2c(cc1Cl)Oc1cc(Cl)c(Cl)cc1O2,1
799,Clc1c(Cl)c(Cl)c2C(=O)OC(=O)c2c1Cl,O=C1OC(=O)c2c(Cl)c(Cl)c(Cl)c(Cl)c21,1
800,ClC(Cl)C(Cl)Cl,ClC(Cl)C(Cl)Cl,1
801,ClC(Cl)C(Cl)(Cl)SN1C(=O)C2CC=CCC2C1=O,O=C1C2CC=CCC2C(=O)N1SC(Cl)(Cl)C(Cl)Cl,1
802,Nc1cccc2CCCCc12,Nc1cccc2c1CCCC2,1
803,OC1=C(C2CCCc3ccccc23)C(=O)c4ccccc4O1,O=c1c(C2CCCc3ccccc32)c(O)oc2ccccc12,0
804,C1CC=CCN1,C1=CCNCC1,1
805,NCC1CCCO1,NCC1CCCO1,1
806,C1CCSC1,C1CCSC1,1
807,Brc1ccc(Oc2ccc(Br)c(Br)c2Br)cc1,Brc1ccc(Oc2ccc(Br)c(Br)c2Br)cc1,1
808,BrC(Br)(Br)Br,BrC(Br)(Br)Br,1
809,CCO[P](=S)(OCC)SCS[P](=S)(OCC)OCC,CCOP(=S)(OCC)SCSP(=S)(OCC)OCC,1
810,CCO[P](=S)(OCC)O[P](=S)(OCC)OCC,CCOP(=S)(OCC)OP(=S)(OCC)OCC,1
811,CCO[P](=O)(OCC)O[P](=O)(OCC)OCC,CCOP(=O)(OCC)OP(=O)(OCC)OCC,1
812,[O-]C(=O)Cn1cnnn1,O=C([O-])Cn1cnnn1,1
813,CC(C)(C)c1cc(cc(c1O)[N+]([O-])=O)[N+]([O-])=O,CC(C)(C)c1cc([N+](=O)[O-])cc([N+](=O)[O-])c1O,1
814,CC(C)(C)C(=O)C1C(=O)c2ccccc2C1=O,CC(C)(C)C(=O)C1C(=O)c2ccccc2C1=O,1
815,CC(C)=C1CCC(=CC1)C,CC1=CCC(=C(C)C)CC1,1
816,CCCCCC(C)(C)C(C)(C)C,CCCCCC(C)(C)C(C)(C)C,1
817,Clc1cc(Cl)c(Cl)c(Cl)c1Cl,Clc1cc(Cl)c(Cl)c(Cl)c1Cl,1
818,Clc1cc2oc3c(Cl)c(Cl)c(Cl)cc3c2cc1Cl,Clc1cc2oc3c(Cl)c(Cl)c(Cl)cc3c2cc1Cl,1
819,[O-][N+](=O)c1c(Cl)c(Cl)c(Cl)c(Cl)c1Cl,O=[N+]([O-])c1c(Cl)c(Cl)c(Cl)c(Cl)c1Cl,1
820,ClC(Cl)C(Cl)(Cl)Cl,ClC(Cl)C(Cl)(Cl)Cl,1
821,Brc1ccc(Oc2cc(Br)c(Br)cc2Br)c(Br)c1,Brc1ccc(Oc2cc(Br)c(Br)cc2Br)c(Br)c1,1
822,CCCC(C)O,CCCC(C)O,1
823,N#CCCCC#N,N#CCCCC#N,1
824,C=CCC=C,C=CCC=C,0
825,CCCCC#N,CCCCC#N,1
826,CCCC#C,C#CCCC,0
827,CCCC=C,C=CCCC,0
828,CCC(=O)C=C,C=CC(=O)CC,1
829,CCCCC(Cl)=O,CCCCC(=O)Cl,1
830,C=CCOCC1CO1,C=CCOCC1CO1,1
831,Cc1cccc(c1C)[N+]([O-])=O,Cc1cccc([N+](=O)[O-])c1C,1
832,Cc1ccc(cc1C)[N+]([O-])=O,Cc1ccc([N+](=O)[O-])cc1C,1
833,Cc1cccc(C)c1[N+]([O-])=O,Cc1cccc(C)c1[N+](=O)[O-],1
834,Cc1ccc(c(C)c1)[N+]([O-])=O,Cc1ccc([N+](=O)[O-])c(C)c1,1
835,Cc1cc(C)cc(c1)[N+]([O-])=O,Cc1cc(C)cc([N+](=O)[O-])c1,1
836,Nc1cc(ccc1O)[N+]([O-])=O,Nc1cc([N+](=O)[O-])ccc1O,1
837,Nc1ccc(cc1O)[N+]([O-])=O,Nc1ccc([N+](=O)[O-])cc1O,1
838,Cc1cc(ccc1N)[N+]([O-])=O,Cc1cc([N+](=O)[O-])ccc1N,0
839,COc1cc(ccc1N)[N+]([O-])=O,COc1cc([N+](=O)[O-])ccc1N,1
840,Cc1ccc(N)c(c1)[N+]([O-])=O,Cc1ccc(N)c([N+](=O)[O-])c1,1
841,Cc1ccc(N)cc1[N+]([O-])=O,Cc1ccc(N)cc1[N+](=O)[O-],1
842,Cc1ccc(O)c(c1)[N+]([O-])=O,Cc1ccc(O)c([N+](=O)[O-])c1,1
843,COc1ccc(N)c(c1)[N+]([O-])=O,COc1ccc(N)c([N+](=O)[O-])c1,1
844,[O-][N+](=O)c1cc(ccc1Cl)C(F)(F)F,O=[N+]([O-])c1cc(C(F)(F)F)ccc1Cl,1
845,CN(C)c1cccc(c1)[N+]([O-])=O,CN(C)c1cccc([N+](=O)[O-])c1,1
846,CN(C)c1ccc(cc1)[N+]([O-])=O,CN(C)c1ccc([N+](=O)[O-])cc1,1
847,CCN(CC)c1ccc(cc1)[N+]([O-])=O,CCN(CC)c1ccc([N+](=O)[O-])cc1,1
848,Nc1ccccc1[N+]([O-])=O,Nc1ccccc1[N+](=O)[O-],1
849,Nc1cccc(c1)[N+]([O-])=O,Nc1cccc([N+](=O)[O-])c1,1
850,[O-][N+](=O)c1ccc2n[nH]nc2c1,O=[N+]([O-])c1ccc2n[nH]nc2c1,1
851,Oc1ccccc1[N+]([O-])=O,O=[N+]([O-])c1ccccc1O,1
852,Oc1cccc(c1)[N+]([O-])=O,O=[N+]([O-])c1cccc(O)c1,1
853,[O-][N+](=O)c1ccccc1[S](Cl)(=O)=O,O=[N+]([O-])c1ccccc1S(=O)(=O)Cl,1
854,[O-][N+](=O)c1cccc(c1)[S](Cl)(=O)=O,O=[N+]([O-])c1cccc(S(=O)(=O)Cl)c1,1
855,[O-][N+](=O)c1ccc(cc1)[S](Cl)(=O)=O,O=[N+]([O-])c1ccc(S(=O)(=O)Cl)cc1,1
856,COc1ccccc1[N+]([O-])=O,COc1ccccc1[N+](=O)[O-],1
857,COc1cccc(c1)[N+]([O-])=O,COc1cccc([N+](=O)[O-])c1,1
858,COc1ccc(cc1)[N+]([O-])=O,COc1ccc([N+](=O)[O-])cc1,1
859,NC(=O)c1ccc(cc1)[N+]([O-])=O,NC(=O)c1ccc([N+](=O)[O-])cc1,1
860,[O-][N+](=O)c1ccccc1C(Cl)=O,O=C(Cl)c1ccccc1[N+](=O)[O-],1
861,[O-][N+](=O)c1cccc(c1)C(Cl)=O,O=C(Cl)c1cccc([N+](=O)[O-])c1,1
862,[O-][N+](=O)c1ccc(cc1)C(Cl)=O,O=C(Cl)c1ccc([N+](=O)[O-])cc1,1
863,[Cl-].[NH3+]Nc1ccccc1[N+]([O-])=O,[Cl-].[NH3+]Nc1ccccc1[N+](=O)[O-],1
864,NNc1ccc(cc1)[N+]([O-])=O,NNc1ccc([N+](=O)[O-])cc1,1
865,O[As](O)(=O)c1ccccc1[N+]([O-])=O,O=[N+]([O-])c1ccccc1[As](=O)(O)O,1
866,O[As](O)(=O)c1cccc(c1)[N+]([O-])=O,O=[N+]([O-])c1cccc([As](=O)(O)O)c1,1
867,O[As](O)(=O)c1ccc(cc1)[N+]([O-])=O,O=[N+]([O-])c1ccc([As](=O)(O)O)cc1,1
868,[O-][N+](=O)c1ccc(CC#N)cc1,N#CCc1ccc([N+](=O)[O-])cc1,1
869,CCOc1ccccc1[N+]([O-])=O,CCOc1ccccc1[N+](=O)[O-],0
870,CCOc1ccc(cc1)[N+]([O-])=O,CCOc1ccc([N+](=O)[O-])cc1,0
871,[O-][N+](=O)c1cccnc1,O=[N+]([O-])c1cccnc1,1
872,[O-][N+](=O)c1ccccc1I,O=[N+]([O-])c1ccccc1I,1
873,[O-][N+](=O)c1cccc(I)c1,O=[N+]([O-])c1cccc(I)c1,1
874,[O-][N+](=O)c1ccc(I)cc1,O=[N+]([O-])c1ccc(I)cc1,1
875,CCCC[N+]([O-])=O,CCCC[N+](=O)[O-],1
876,CCC(C)[N+]([O-])=O,CCC(C)[N+](=O)[O-],1
877,[O-][N+](=O)c1ccc2CCc3cccc1c23,O=[N+]([O-])c1ccc2c3c(cccc13)CC2,1
878,[O-][N+](=O)c1ccccc1c2ccccc2,O=[N+]([O-])c1ccccc1-c1ccccc1,1
879,[O-][N+](=O)c1ccccc1CCl,O=[N+]([O-])c1ccccc1CCl,1
880,[O-][N+](=O)c1cccc(CCl)c1,O=[N+]([O-])c1cccc(CCl)c1,1
881,[O-][N+](=O)c1ccc(CCl)cc1,O=[N+]([O-])c1ccc(CCl)cc1,1
882,[O-][N+](=O)c1ccc2ccccc2c1,O=[N+]([O-])c1ccc2ccccc2c1,1
883,NC(=O)N[N+]([O-])=O,NC(=O)N[N+](=O)[O-],1
884,[O-][N+](=O)C1=NC(=O)NN1,O=c1nc([N+](=O)[O-])[nH][nH]1,1
885,[O-][N+](=O)c1ccccc1Br,O=[N+]([O-])c1ccccc1Br,1
886,[O-][N+](=O)c1cccc(Br)c1,O=[N+]([O-])c1cccc(Br)c1,1
887,[O-][N+](=O)c1ccc(Br)cc1,O=[N+]([O-])c1ccc(Br)cc1,1
888,[O-][N+](=O)c1ccc(CBr)cc1,O=[N+]([O-])c1ccc(CBr)cc1,1
889,CCCCO[N+]([O-])=O,CCCCO[N+](=O)[O-],1
890,N#CCCCCCCC#N,N#CCCCCCCC#N,1
891,C=CCCCCC=C,C=CCCCCC=C,0
892,CC(C)(C)CC(C)(C)c1ccccc1O,CC(C)(C)CC(C)(C)c1ccccc1O,1
893,CCCCCCC#C,C#CCCCCCC,1
894,CCCCCC#CC,CC#CCCCCC,1
895,CCCCC#CCC,CCC#CCCCC,1
896,CCCC#CCCC,CCCC#CCCC,1
897,CCCCCC(=O)CC,CCCCCC(=O)CC,1
898,CCCCC\C=C/C,C/C=C\CCCCC,1
899,CCCCCCCC(Cl)=O,CCCCCCCC(=O)Cl,1
900,Cc1cccc(Br)c1C,Cc1cccc(Br)c1C,1
901,Cc1ccc(Br)cc1C,Cc1ccc(Br)cc1C,1
902,BrCC1CO1,BrCC1CO1,1
903,[O-][N+](=O)c1ccc(Br)c(c1)[N+]([O-])=O,O=[N+]([O-])c1ccc(Br)c([N+](=O)[O-])c1,1
904,CCOC(=O)C(C)(C)Br,CCOC(=O)C(C)(C)Br,1
905,CC(C)CBr,CC(C)CBr,1
906,CC(C)(C)Br,CC(C)(C)Br,1
907,CC(C)CCBr,CC(C)CCBr,1
908,Nc1ccccc1Br,Nc1ccccc1Br,1
909,Nc1cccc(Br)c1,Nc1cccc(Br)c1,1
910,Nc1ccc(Br)cc1,Nc1ccc(Br)cc1,1
911,Oc1ccccc1Br,Oc1ccccc1Br,0
912,Oc1cccc(Br)c1,Oc1cccc(Br)c1,1
913,Oc1ccc(Br)cc1,Oc1ccc(Br)cc1,1
914,Cl[S](=O)(=O)c1ccc(Br)cc1,O=S(=O)(Cl)c1ccc(Br)cc1,1
915,COc1ccc(Br)cc1,COc1ccc(Br)cc1,1
916,ClC(=O)c1ccccc1Br,O=C(Cl)c1ccccc1Br,1
917,ClC(=O)c1ccc(Br)cc1,O=C(Cl)c1ccc(Br)cc1,1
918,BrC(C#N)c1ccccc1,N#CC(Br)c1ccccc1,1
919,BrCC(=O)c1ccc(Br)cc1,O=C(CBr)c1ccc(Br)cc1,1
920,BrCCC#N,N#CCCBr,1
921,CC(Br)C(O)=O,CC(Br)C(=O)O,1
922,OC(=O)CCBr,O=C(O)CCBr,1
923,CC(=O)CBr,CC(=O)CBr,1
924,CC(C)Br,CC(C)Br,1
925,CC(Br)C(Br)=O,CC(Br)C(=O)Br,1
926,BrC1CCCC1,BrC1CCCC1,1
927,CCCCCBr,CCCCCBr,1
928,CCCCBr,CCCCBr,1
929,CCC(C)Br,CCC(C)Br,1
930,BrCc1ccccc1,BrCc1ccccc1,1
931,CCC(Br)=O,CCC(=O)Br,1
932,CC(Br)=O,CC(=O)Br,1
933,CCCCCCBr,CCCCCCBr,1
934,Cc1cccc(Br)c1,Cc1cccc(Br)c1,1
935,FC(F)(F)Br,FC(F)(F)Br,1
936,CCCC(C)Br,CCCC(C)Br,1
937,OCCBr,OCCBr,1
938,CCOCCBr,CCOCCBr,1
939,OC(=O)CBr,O=C(O)CBr,1
940,COC(=O)CBr,COC(=O)CBr,1
941,CC(C)(C)OC(=O)CBr,CC(C)(C)OC(=O)CBr,1
942,CC(C)OC(=O)CBr,CC(C)OC(=O)CBr,1
943,CCCOC(=O)CBr,CCCOC(=O)CBr,1
944,BrCC(=O)c1ccccc1,O=C(CBr)c1ccccc1,1
945,BrCC(Br)=O,O=C(Br)CBr,1
946,N#CCCNCCC#N,N#CCCNCCC#N,1
947,[nH]1c2ccccc2c3ccccc13,c1ccc2c(c1)[nH]c1ccccc12,1
948,CCCCO[P+](=O)OCCCC,CCCCO[P+](=O)OCCCC,1
949,CCOP(OCC)OCC,CCOP(OCC)OCC,1
950,CN(C)c1ccc(cc1)N=O,CN(C)c1ccc(N=O)cc1,1
951,CCN(CC)c1ccc(cc1)N=O,CCN(CC)c1ccc(N=O)cc1,1
952,Oc1ccc(cc1)N=O,O=Nc1ccc(O)cc1,1
953,O=NN(c1ccccc1)c2ccccc2,O=NN(c1ccccc1)c1ccccc1,1
954,CN(C)N=O,CN(C)N=O,1
955,CON=O,CON=O,1
956,CC(C)ON=O,CC(C)ON=O,1
957,CC(C)CON=O,CC(C)CON=O,1
958,CC(C)CCON=O,CC(C)CCON=O,1
959,CCCON=O,CCCON=O,1
960,CCCCON=O,CCCCON=O,1
961,CCCCCON=O,CCCCCON=O,1
962,ClN=O,O=NCl,1
963,[H+].[Cl-].Nc1cccc2ccccc12,Nc1cccc2ccccc12.[Cl-].[H+],1
964,[H+].[H+].[Cl-].[Cl-].NCCNc1cccc2ccccc12,NCCNc1cccc2ccccc12.[Cl-].[Cl-].[H+].[H+],1
965,[H+].[Cl-].Nc1ccccc1O,Nc1ccccc1O.[Cl-].[H+],1
966,[Cl-].[NH3+]c1ccc2ccccc2c1,[Cl-].[NH3+]c1ccc2ccccc2c1,1
967,[H+].[H+].[Cl-].[Cl-].Cc1cc(ccc1N)c2ccc(N)c(C)c2,Cc1cc(-c2ccc(N)c(C)c2)ccc1N.[Cl-].[Cl-].[H+].[H+],1
968,[H+].[H+].[Cl-].[Cl-].COc1cc(ccc1N)c2ccc(N)c(OC)c2,COc1cc(-c2ccc(N)c(OC)c2)ccc1N.[Cl-].[Cl-].[H+].[H+],0
969,[H+].[H+].[Cl-].[Cl-].Nc1ccc(cc1Cl)c2ccc(N)c(Cl)c2,Nc1ccc(-c2ccc(N)c(Cl)c2)cc1Cl.[Cl-].[Cl-].[H+].[H+],1
970,[H+].[Cl-].Nc1cccc(Cl)c1,Nc1cccc(Cl)c1.[Cl-].[H+],1
971,[H+].[H+].[Cl-].[Cl-].Nc1ccc(cc1)c2ccc(N)cc2,Nc1ccc(-c2ccc(N)cc2)cc1.[Cl-].[Cl-].[H+].[H+],1
972,[H+].[Cl-].CCN(CC)c1ccc(N)cc1,CCN(CC)c1ccc(N)cc1.[Cl-].[H+],1
973,[H+].[Cl-].Nc1ccc(O)cc1,Nc1ccc(O)cc1.[Cl-].[H+],1
974,[H+].[Cl-].Cc1ccc(N)cc1,Cc1ccc(N)cc1.[Cl-].[H+],1
975,[H+].[Cl-].Nc1ccccc1,Nc1ccccc1.[Cl-].[H+],1
976,[H+].[Cl-].NNc1ccccc1,NNc1ccccc1.[Cl-].[H+],1
977,[H+].[H+].[Cl-].[Cl-].Nc1ccccc1N,Nc1ccccc1N.[Cl-].[Cl-].[H+].[H+],1
978,[H+].[H+].[Cl-].[Cl-].Nc1cccc(N)c1,Nc1cccc(N)c1.[Cl-].[Cl-].[H+].[H+],1
979,[H+].[H+].[Cl-].[Cl-].Nc1ccc(N)cc1,Nc1ccc(N)cc1.[Cl-].[Cl-].[H+].[H+],1
980,N#CCCOCCC#N,N#CCCOCCC#N,1
981,C1CCC2OC2C1,C1CCC2OC2C1,1
982,FCC(=O)Nc1ccc(Br)cc1,O=C(CF)Nc1ccc(Br)cc1,1
983,CC(=O)CCl,CC(=O)CCl,1
984,FC(F)Cl,FC(F)Cl,1
985,FC(F)(F)Cl,FC(F)(F)Cl,1
986,FC(F)(F)C(F)(F)Cl,FC(F)(F)C(F)(F)Cl,1
987,CCCCOC(=O)C(=O)OCCCC,CCCCOC(=O)C(=O)OCCCC,1
988,COC(=O)C(=O)OC,COC(=O)C(=O)OC,1
989,ClC(=O)C(Cl)=O,O=C(Cl)C(=O)Cl,1
990,CCC(CC)CO,CCC(CC)CO,1
991,CCC(=C)CC,C=C(CC)CC,1
992,CCNc1cccc2ccccc12,CCNc1cccc2ccccc12,1
993,CCOCN(C(=O)CCl)c1c(C)cccc1CC,CCOCN(C(=O)CCl)c1c(C)cccc1CC,1
994,CCO[P](=O)(NC(C)C)Oc1ccc(SC)c(C)c1,CCOP(=O)(NC(C)C)Oc1ccc(SC)c(C)c1,1
995,CCO[P](=S)(Oc1ccc(cc1)[N+]([O-])=O)c2ccccc2,CCOP(=S)(Oc1ccc([N+](=O)[O-])cc1)c1ccccc1,1
996,CCO[P](=S)(NC(C)C)Oc1ccccc1C(=O)OC(C)C,CCOP(=S)(NC(C)C)Oc1ccccc1C(=O)OC(C)C,1
997,CCO[P](=S)(CC)Oc1cc(Cl)c(Cl)cc1Cl,CCOP(=S)(CC)Oc1cc(Cl)c(Cl)cc1Cl,1
998,CCO[P](=O)(Sc1ccccc1)Sc2ccccc2,CCOP(=O)(Sc1ccccc1)Sc1ccccc1,1
999,CCCS[P](=O)(OCC)SCCC,CCCSP(=O)(OCC)SCCC,1
1000,CCO[P](=S)(CC)Sc1ccccc1,CCOP(=S)(CC)Sc1ccccc1,1
1001,CCc1ccccc1N,CCc1ccccc1N,1
1002,CCc1ccccn1,CCc1ccccn1,1
1003,CCc1cccnc1,CCc1cccnc1,1
1004,CCc1ccncc1,CCc1ccncc1,1
1005,CCCOCC,CCCOCC,1
1006,CCCC(O)CC,CCCC(O)CC,1
1007,CCC(CC)C=O,CCC(C=O)CC,1
1008,CCNc1ccc(C)cc1,CCNc1ccc(C)cc1,1
1009,CCC1CCCCC1,CCC1CCCCC1,1
1010,CCC1CCCC1,CCC1CCCC1,1
1011,CCCCC(CC)CN,CCCCC(CC)CN,1
1012,CCCC(CC)CC,CCCC(CC)CC,1
1013,CCNc1cccc(C)c1,CCNc1cccc(C)c1,1
1014,CCO[S](O)(=O)=O,CCOS(=O)(=O)O,1
1015,CCN1CCCCC1,CCN1CCCCC1,1
1016,CCC(CC)CC,CCC(CC)CC,1
1017,CCOCC=C,C=CCOCC,1
1018,CC[S](=O)CS[P](=S)(OC(C)C)OC(C)C,CCS(=O)CSP(=S)(OC(C)C)OC(C)C,1
1019,CCCCOCC,CCCCOCC,1
1020,CCSCc1ccccc1OC(=O)NC,CCSCc1ccccc1OC(=O)NC,1
1021,C/C=N/O,C/C=N/O,1
1022,CC(O)=O.Nc1ccccc1,CC(=O)O.Nc1ccccc1,1
1023,CC(=O)Oc1cccc(C)c1,CC(=O)Oc1cccc(C)c1,1
1024,CC(=O)OCC=C,C=CCOC(C)=O,1
1025,CCC(CC)COC(C)=O,CCC(CC)COC(C)=O,1
1026,C1=CC=C(C(=C1)N)O,Nc1ccccc1O,1
1027,C1=CC(=CC(=C1)O)N,Nc1cccc(O)c1,1
1028,C1=CC(=CC=C1N)O,Nc1ccc(O)cc1,1
1029,CCCN,CCCN,1
1030,CC(C)N,CC(C)N,1
1031,C=CCN,C=CCN,1
1032,C1=CC=C(C=C1)C2=CC=CC=C2N,Nc1ccccc1-c1ccccc1,1
1033,C(CO)N,NCCO,1
1034,C1CN(CCN1)CCN,NCCN1CCNCC1,1
1035,C1C2C(C(C1Cl)Cl)C3(C(=C(C2(C3(Cl)Cl)Cl)Cl)Cl)Cl,ClC1=C(Cl)C2(Cl)C3C(Cl)C(Cl)CC3C1(Cl)C2(Cl)Cl,1
1036,C1=CC=CC=C1,c1ccccc1,1
1037,C1=CC=C(C=C1)N,Nc1ccccc1,1
1038,C1=CC=C(C(=C1)N)N,Nc1ccccc1N,1
1039,C1=CC=C(C(=C1)O)O,Oc1ccccc1O,1
1040,C1=CC(=CC(=C1)O)O,Oc1cccc(O)c1,1
1041,C1=CC(=CC=C1O)O,Oc1ccc(O)cc1,1
1042,C1=CC=C(C=C1)O,Oc1ccccc1,1
1043,CC(=C)C1=CC=CC=C1,C=C(C)c1ccccc1,1
1044,C1=CC=C(C=C1)C2=CC=CC=C2O,Oc1ccccc1-c1ccccc1,1
1045,CC(=O)NC1=CC=CC=C1,CC(=O)Nc1ccccc1,1
1046,COC1=CC=CC=C1,COc1ccccc1,1
1047,COC(=O)C1=CC=CC=C1,COC(=O)c1ccccc1,1
1048,C1=CC=C(C=C1)C(=O)Cl,O=C(Cl)c1ccccc1,1
1049,C1=CC=C(C=C1)NN,NNc1ccccc1,1
1050,C1=CC(=O)C=CC1=O,O=C1C=CC(=O)C=C1,1
1051,C1=CC=C(C=C1)CC#N,N#CCc1ccccc1,1
1052,C=CC1=CC=CC=C1,C=Cc1ccccc1,1
1053,C1=CC=NC=C1,c1ccncc1,1
1054,C1=CNC=C1,c1cc[nH]c1,1
1055,C1CC(=O)NC1,O=C1CCCN1,1
1056,CCN(CC1=CC=CC=C1)C2=CC=CC=C2,CCN(Cc1ccccc1)c1ccccc1,1
1057,C1=CC=C(C=C1)CS,SCc1ccccc1,1
1058,CCCO,CCCO,1
1059,CC(C)O,CC(C)O,1
1060,CCC#N,CCC#N,1
1061,CCC=O,CCC=O,1
1062,C#CCO,C#CCO,1
1063,CCC(=O)O,CCC(=O)O,1
1064,CCC(=O)OC(=O)CC,CCC(=O)OC(=O)CC,1
1065,CCC(=O)OC,CCC(=O)OC,1
1066,CCC(=O)OCC,CCOC(=O)CC,0
1067,CC(=O)C,CC(C)=O,1
1068,CC(C)(C#N)O,CC(C)(O)C#N,1
1069,CCC,CCC,1
1070,CC=C,C=CC,1
1071,C=CCO,C=CCO,1
1072,C=CC#N,C=CC#N,1
1073,C=CC=O,C=CC=O,1
1074,C=CC(=O)O,C=CC(=O)O,1
1075,COC(=O)C=C,C=CC(=O)OC,1
1076,CCOC(=O)C=C,C=CC(=O)OCC,1
1077,CC(C)COC(=O)C=C,C=CC(=O)OCC(C)C,1
1078,CCCCOC(=O)C=C,C=CC(=O)OCCCC,1
1079,C=CC(=O)N,C=CC(N)=O,1
1080,CC1CN1,CC1CN1,1
1081,CCC(=O)Cl,CCC(=O)Cl,1
1082,CI,CI,1
1083,CCC(C)O,CCC(C)O,1
1084,C(CCN)CN,NCCCCN,1
1085,C(CC#N)C#N,N#CCCC#N,1
1086,C=CC=C,C=CC=C,1
1087,CCC(C)S,CCC(C)S,1
1088,CCCC(=O)OC(=O)CCC,CCCC(=O)OC(=O)CCC,1
1089,CCC(=O)C,CCC(C)=O,1
1090,CCC=C,C=CCC,1
1091,CC=CC,CC=CC,1
1092,CC(=O)C=C,C=CC(C)=O,1
1093,CC=CC=O,CC=CC=O,1
1094,CC=CC(=O)O,CC=CC(=O)O,1
1095,CCCCOCCO,CCCCOCCO,1
1096,C1=CC=C(C=C1)C2=CC=CC=C2C3=CC=CC=C3,c1ccc(-c2ccccc2-c2ccccc2)cc1,0
1097,CCCCC(CC)COP(=O)(O)OCC(CC)CCCC,CCCCC(CC)COP(=O)(O)OCC(CC)CCCC,1
1098,C1=CC=C(C=C1)NC2=CC=CC=C2,c1ccc(Nc2ccccc2)cc1,1
1099,C1=CC(=CC=C1CC2=CC=C(C=C2)N=C=O)N=C=O,O=C=Nc1ccc(Cc2ccc(N=C=O)cc2)cc1,1
1100,C1=CC(=CC=C1CC2=CC=C(C=C2)N=C=O)N=C=O,O=C=Nc1ccc(Cc2ccc(N=C=O)cc2)cc1,1
1101,C=C(F)F,C=C(F)F,1
1102,CNC,CNC,1
1103,CC1=CC(=CC=C1)C,Cc1cccc(C)c1,1
1104,CC1=CC=C(C=C1)C,Cc1ccc(C)cc1,1
1105,COP(=O)(OC)OC=C(Cl)Cl,COP(=O)(OC)OC=C(Cl)Cl,1
1106,CN(C)CCCN,CN(C)CCCN,1
1107,C[N+]1=CC=C(C=C1)C2=CC=[N+](C=C2)C,C[n+]1ccc(-c2cc[n+](C)cc2)cc1,1
1108,COP(=S)(OC)OC1=CC=C(C=C1)[N+](=O)[O-],COP(=S)(OC)Oc1ccc([N+](=O)[O-])cc1,1
1109,CC1=C(C(=CC=C1)N)C,Cc1cccc(N)c1C,1
1110,CC1=CC(=C(C=C1)N)C,Cc1ccc(N)c(C)c1,1
1111,CC1=CC(=C(C=C1)C)N,Cc1ccc(C)c(N)c1,1
1112,CC1=C(C=C(C=C1)N)C,Cc1ccc(N)cc1C,1
1113,CC1=CC(=CC(=C1)N)C,Cc1cc(C)cc(N)c1,1
1114,CN(C)C1=CC=CC=C1,CN(C)c1ccccc1,1
1115,CC(C)(C)C,CC(C)(C)C,1
1116,CC(C)CC(C)OC(=O)C,CC(=O)OC(C)CC(C)C,0
1117,CCC(C)(C)C,CCC(C)(C)C,1
1118,CC(C)C(C)C,CC(C)C(C)C,1
1119,CN(C)C=O,CN(C)C=O,1
1120,CN(C)N,CN(C)N,1
1121,CC1CNCC(O1)C,CC1CNCC(C)O1,1
1122,CN(C)CCO,CN(C)CCO,1
1123,CC(=O)C(=O)C,CC(=O)C(C)=O,1
1124,COC,COC,1
1125,COCOC,COCOC,1
1126,COC1=C(C=CC(=C1)C2=CC(=C(C=C2)N)OC)N,COc1cc(-c2ccc(N)c(OC)c2)ccc1N,0
1127,COCCOC,COCCOC,1
1128,C1C=CC2C1C3CC2C=C3,C1=CC2C3C=CC(C3)C2C1,1
1129,CC([N+](=O)[O-])(Cl)Cl,CC(Cl)(Cl)[N+](=O)[O-],1
1130,C(C(CCl)O)Cl,OC(CCl)CCl,1
1131,CC(=CCCl)Cl,CC(Cl)=CCCl,1
1132,C1=CC=C(C(=C1)Cl)Cl,Clc1ccccc1Cl,1
1133,C1=CC(=C(C=C1N)Cl)Cl,Nc1ccc(Cl)c(Cl)c1,1
1134,C1=CC(=C(C=C1Cl)Cl)O,Oc1ccc(Cl)cc1Cl,0
1135,CC(CCl)Cl,CC(Cl)CCl,1
1136,C(C=CCl)Cl,ClC=CCCl,1
1137,C=C(CCl)Cl,C=C(Cl)CCl,1
1138,C(CCl)OCCCl,ClCCOCCCl,1
1139,C(Cl)Cl,ClCCl,1
1140,CC(Cl)Cl,CC(Cl)Cl,1
1141,C(CCl)Cl,ClCCCl,1
1142,C=C(Cl)Cl,C=C(Cl)Cl,1
1143,C(=CCl)Cl,ClC=CCl,1
1144,C(C(=O)Cl)(Cl)Cl,O=C(Cl)C(Cl)Cl,1
1145,CC(CCl)OC(C)CCl,CC(CCl)OC(C)CCl,1
1146,C(CO)NCCO,OCCNCCO,1
1147,C1=CC=C(C(=C1)[N+](=O)[O-])[N+](=O)[O-],O=[N+]([O-])c1ccccc1[N+](=O)[O-],1
1148,C1=CC(=C(C=C1[N+](=O)[O-])[N+](=O)[O-])N,Nc1ccc([N+](=O)[O-])cc1[N+](=O)[O-],1
1149,CC1=C(C=C(C=C1)[N+](=O)[O-])[N+](=O)[O-],Cc1ccc([N+](=O)[O-])cc1[N+](=O)[O-],1
1150,CC1=C(C=CC=C1[N+](=O)[O-])[N+](=O)[O-],Cc1c([N+](=O)[O-])cccc1[N+](=O)[O-],1
1151,C(CBr)Br,BrCCBr,1
1152,C(CNCCN)N,NCCNCCN,1
1153,C1COCO1,C1COCO1,1
1154,C1COCCO1,C1COCCO1,1
1155,CCNCC,CCNCC,1
1156,CCOP(=S)(OCC)OC1=CC=C(C=C1)[N+](=O)[O-],CCOP(=S)(OCC)Oc1ccc([N+](=O)[O-])cc1,1
1157,CCOP(=S)(OCC)OC1=CC=C(C=C1)S(=O)C,CCOP(=S)(OCC)Oc1ccc(S(C)=O)cc1,1
1158,CCC1=CC=CC=C1CC,CCc1ccccc1CC,1
1159,CCC1=CC(=CC=C1)CC,CCc1cccc(CC)c1,1
1160,CCC1=CC=C(C=C1)CC,CCc1ccc(CC)cc1,1
1161,CCN(CC)C1=CC=CC=C1,CCN(CC)c1ccccc1,1
1162,CCN(CC)CCO,CCN(CC)CCO,1
1163,CCOC(C)OCC,CCOC(C)OCC,1
1164,CC(C)NC(C)C,CC(C)NC(C)C,1
1165,CC(C)CNCC(C)C,CC(C)CNCC(C)C,1
1166,CC(C)CC(=O)CC(C)C,CC(C)CC(=O)CC(C)C,1
1167,CCCNCCC,CCCNCCC,1
1168,CCCCNCCCC,CCCCNCCCC,1
1169,CCCCN(CCCC)CCO,CCCCN(CCO)CCCC,1
1170,CCCCCNCCCCC,CCCCCNCCCCC,1
1171,C1=COC=C1,c1ccoc1,1
1172,C1=COC(=C1)CO,OCc1ccco1,1
1173,C=CF,C=CF,1
1174,CCCCCC(=O)C,CCCCCC(C)=O,1
1175,CCCCC(=O)CC,CCCCC(=O)CC,1
1176,CCCC(=O)CCC,CCCC(=O)CCC,1
1177,CCCCCC=C,C=CCCCCC,0
1178,CCCCCCCCC=C,C=CCCCCCCCC,0
1179,C1=CC=C(C=C1)CN,NCc1ccccc1,1
1180,C1CC1,C1CC1,1
1181,C1CCC1,C1CCC1,1
1182,C1CCCCCC1,C1CCCCCC1,0
1183,C1CCC(CC1)N,NC1CCCCC1,1
1184,C1CCC(CC1)S,SC1CCCCC1,0
1185,C1CCC(CC1)[Si](Cl)(Cl)Cl,Cl[Si](Cl)(Cl)C1CCCCC1,1
1186,C1CCC(=O)CC1,O=C1CCCCC1,1
1187,C1CCCCC1,C1CCCCC1,1
1188,C1CCC=CC1,C1=CCCCC1,1
1189,C1CCC(C1)O,OC1CCCC1,0
1190,C1CCC(=O)C1,O=C1CCCC1,1
1191,C1CCCC1,C1CCCC1,1
1192,C1CC=CCCC=C1,C1=CCCC=CCC1,0
1193,CC1CO1,CC1CO1,1
1194,CCC1CO1,CCC1CO1,1
1195,C1CO1,C1CO1,1
1196,C(CCC#N)CC#N,N#CCCCCC#N,1
1197,CC=CCC=C,C=CCC=CC,0
1198,CCCCCC(=O)O,CCCCCC(=O)O,1
1199,CCCCC(=O)C,CCCCC(C)=O,1
1200,CCCCC=C,C=CCCCC,1
1201,CC1=CC=CC=C1,Cc1ccccc1,1
1202,CC1=C(C=C(C=C1)N=C=O)N=C=O,Cc1ccc(N=C=O)cc1N=C=O,1
1203,CO,CO,1
1204,CC1=CC=CC=C1O,Cc1ccccc1O,1
1205,CC1=CC(=CC=C1)O,Cc1cccc(O)c1,1
1206,CC1=CC=C(C=C1)O,Cc1ccc(O)cc1,1
1207,CC(=C)C=C,C=CC(=C)C,1
1208,CC(C)CO,CC(C)CO,1
1209,CCC(C)CO,CCC(C)CO,1
1210,CC(C)CCO,CC(C)CCO,1
1211,CCC(=C)C,C=C(C)CC,1
1212,CC(C)C=C,C=CC(C)C,1
1213,CCCC(C)CO,CCCC(C)CO,0
1214,CC(C)(C)O,CC(C)(C)O,1
1215,CCC(C)(C)O,CCC(C)(C)O,1
1216,CC(C)C(=O)C,CC(=O)C(C)C,1
1217,CC(C)CCC(=O)C,CC(=O)CCC(C)C,1
1218,CC(C)CC(C)O,CC(C)CC(C)O,1
1219,CC(C)CC(=O)C,CC(=O)CC(C)C,1
1220,CC(=CC(=O)C)C,CC(=O)C=C(C)C,1
1221,CCC1=CN=C(C=C1)C,CCc1ccc(C)nc1,1
1222,CC1=CC=CC=C1N,Cc1ccccc1N,1
1223,CC1=CC(=CC=C1)N,Cc1cccc(N)c1,1
1224,CC1=CC=C(C=C1)N,Cc1ccc(N)cc1,1
1225,CC(C1=CC=CC=C1)O,CC(O)c1ccccc1,0
1226,CC1=CC=CC=N1,Cc1ccccn1,1
1227,CC1=CC=NC=C1,Cc1ccncc1,1
1228,CN1CCCC1C2=CN=CC=C2,CN1CCCC1c1cccnc1,1
1229,CC(=C)C#N,C=C(C)C#N,1
1230,CC(=C)C=O,C=C(C)C=O,1
1231,CC(=C)C(=O)O,C=C(C)C(=O)O,1
1232,CC(=C)C(=O)OCCN(C)C,C=C(C)C(=O)OCCN(C)C,1
1233,CC(=C)C(=O)OC,C=C(C)C(=O)OC,1
1234,CCOC(=O)C(=C)C,C=C(C)C(=O)OCC,1
1235,CCCCOC(=O)C(=C)C,C=C(C)C(=O)OCCCC,1
1236,CC(C)CC=O,CC(C)CC=O,1
1237,CCC(C)C,CCC(C)C,1
1238,CC1CCCCC1,CC1CCCCC1,1
1239,CC1CCCC1,CC1CCCC1,1
1240,CNN,CNN,1
1241,CC1=CC=CC2=CC=CC=C12,Cc1cccc2ccccc12,1
1242,CCCC(C)C=O,CCCC(C)C=O,1
1243,CCCC(C)C,CCCC(C)C,1
1244,CCC(C)CC,CCC(C)CC,1
1245,COC=C,C=COC,1
1246,CC1=CC=C(C=C1)C(C)C,Cc1ccc(C(C)C)cc1,1
1247,CC(=C)C(=O)C,C=C(C)C(C)=O,1
1248,CCCCNC,CCCCNC,1
1249,CS,CS,1
1250,CSC,CSC,1
1251,C(=O)O,O=CO,1
1252,COC=O,COC=O,1
1253,CCOC=O,CCOC=O,1
1254,CC(C)OC=O,CC(C)OC=O,1
1255,C,C,1
1256,COC1=CC=CC=C1N,COc1ccccc1N,1
1257,COC1=CC=CC(=C1)N,COc1cccc(N)c1,1
1258,COC1=CC=C(C=C1)N,COc1ccc(N)cc1,1
1259,CC(=O)OCCOC,COCCOC(C)=O,0
1260,CCOC,CCOC,1
1261,CC1(C2CCC1(C(C2)O)C)C,CC1(C)C2CCC1(C)C(O)C2,1
1262,C1=COC(=C1)C=O,O=Cc1ccco1,1
1263,C1=CC=C2C(=C1)C=CC=N2,c1ccc2ncccc2c1,1
1264,C1=CC=C(C=C1)C2=CC=CC=C2,c1ccc(-c2ccccc2)cc1,1
1265,CC(C)COC(=O)C1=CC=CC=C1C(=O)OCC(C)C,CC(C)COC(=O)c1ccccc1C(=O)OCC(C)C,1
1266,C1=CC=C2C(=C1)C(=O)OC2=O,O=C1OC(=O)c2ccccc21,1
1267,CSCCC=O,CSCCC=O,0
1268,COS(=O)(=O)OC,COS(=O)(=O)OC,1
1269,CCOS(=O)(=O)OCC,CCOS(=O)(=O)OCC,1
1270,C(=C(Cl)Cl)(C(=C(Cl)Cl)Cl)Cl,ClC(Cl)=C(Cl)C(Cl)=C(Cl)Cl,1
1271,C1(=C(C(=C(C(=C1Cl)Cl)Cl)Cl)Cl)Cl,Clc1c(Cl)c(Cl)c(Cl)c(Cl)c1Cl,1
1272,CC(F)(F)Cl,CC(F)(F)Cl,1
1273,C=CC(=C)Cl,C=CC(=C)Cl,1
1274,CC(CO)Cl,CC(Cl)CO,1
1275,CCC([N+](=O)[O-])Cl,CCC(Cl)[N+](=O)[O-],0
1276,C1C(O1)CCl,ClCC1CO1,1
1277,C1=CC(=C(C=C1[N+](=O)[O-])[N+](=O)[O-])Cl,O=[N+]([O-])c1ccc(Cl)c([N+](=O)[O-])c1,1
1278,CC(CCl)O,CC(O)CCl,1
1279,CC(=C)CCl,C=C(C)CCl,1
1280,C1=CC=C(C=C1)Cl,Clc1ccccc1,1
1281,C1=CC=C(C(=C1)O)Cl,Oc1ccccc1Cl,1
1282,C1=CC(=CC=C1O)Cl,Oc1ccc(Cl)cc1,1
1283,C1=CC=C(C=C1)C(=O)CCl,O=C(CCl)c1ccccc1,1
1284,C(CCl)C#N,N#CCCCl,0
1285,CC(C(=O)O)Cl,CC(Cl)C(=O)O,0
1286,CCCCl,CCCCl,1
1287,CC(C)Cl,CC(C)Cl,1
1288,CC(=C)Cl,C=C(C)Cl,1
1289,C=CCCl,C=CCCl,1
1290,CCCCCl,CCCCCl,1
1291,C1=CC=C(C=C1)CCl,ClCc1ccccc1,1
1292,C1=CC=C2C(=C1)C=CC=C2Cl,Clc1cccc2ccccc12,1
1293,CC1=CC=CC=C1Cl,Cc1ccccc1Cl,1
1294,COCCl,COCCl,1
1295,C=CCOC(=O)Cl,C=CCOC(=O)Cl,1
1296,CCOC(=O)Cl,CCOC(=O)Cl,1
1297,CCl,CCl,1
1298,C1=CC(=CC=C1C(F)(F)F)Cl,FC(F)(F)c1ccc(Cl)cc1,1
1299,CCCCCCl,CCCCCCl,1
1300,C1=CC(=CC(=C1)Cl)[N+](=O)[O-],O=[N+]([O-])c1cccc(Cl)c1,1
1301,C1=CC(=CC=C1[N+](=O)[O-])Cl,O=[N+]([O-])c1ccc(Cl)cc1,1
1302,C(CCl)O,OCCCl,1
1303,C(C(=O)O)Cl,O=C(O)CCl,1
1304,COC(=O)CCl,COC(=O)CCl,1
1305,CCOC(=O)CCl,CCOC(=O)CCl,0
1306,CCCl,CCCl,1
1307,C=CCl,C=CCl,1
1308,C(C(=O)Cl)Cl,O=C(Cl)CCl,1
1309,C1=CC(=O)OC1=O,O=C1C=CC(=O)O1,1
1310,C1COCCN1,C1COCCN1,1
1311,C1=CC=C2C=CC=CC2=C1,c1ccc2ccccc2c1,1
1312,C1=CC=C2C(=C1)C=CC=C2N,Nc1cccc2ccccc12,1
1313,C1CCNCC1,C1CCNCC1,1
1314,C1CNCCN1,C1CNCCN1,1
1315,CC1=CCC2CC1C2(C)C,CC1=CCC2CC1C2(C)C,1
1316,B(OC)(OC)OC,COB(OC)OC,1
1317,CC(=O)CC(C)(C)O,CC(=O)CC(C)(C)O,1
1318,CC(C#N)O,CC(O)C#N,1
1319,CC(C(=O)OC)O,COC(=O)C(C)O,1
1320,CCOC(=O)C(C)O,CCOC(=O)C(C)O,1
1321,CC(CC=O)O,CC(O)CC=O,1
1322,CCOC(=O)CC#N,CCOC(=O)CC#N,1
1323,C(CS)O,OCCS,1
1324,CCCCCCCCCC1=CC=CC=C1O,CCCCCCCCCc1ccccc1O,0
1325,CCCCCCCC=C,C=CCCCCCCC,0
1326,C1=CSC=C1,c1ccsc1,1
1327,C1=CC=C(C=C1)P(C2=CC=CC=C2)C3=CC=CC=C3,c1ccc(P(c2ccccc2)c2ccccc2)cc1,0
1328,C1=CC=C(C=C1)C(F)(F)F,FC(F)(F)c1ccccc1,1
1329,C(=C(F)Cl)(F)F,FC(F)=C(F)Cl,1
1330,CN(C)C,CN(C)C,1
1331,CC(=C)CC(C)(C)C,C=C(C)CC(C)(C)C,1
1332,CC(=CC(C)(C)C)C,CC(C)=CC(C)(C)C,1
1333,CC1=CC(=C(C=C1)C)C,Cc1ccc(C)c(C)c1,1
1334,CC1=CC(=CC(=C1)C)C,Cc1cc(C)cc(C)c1,1
1335,C[Si](C)(C)Cl,C[Si](C)(C)Cl,1
1336,CC(C)CC(C)(C)C,CC(C)CC(C)(C)C,0
1337,C1OCOCO1,C1OCOCO1,1
1338,CC1OC(OC(O1)C)C,CC1OC(C)OC(C)O1,1
1339,C(C(CCl)Cl)Cl,ClCC(Cl)CCl,1
1340,C1=CC(=C(C=C1Cl)Cl)Cl,Clc1ccc(Cl)c(Cl)c1,1
1341,C1=CC=C(C=C1)C(Cl)(Cl)Cl,ClC(Cl)(Cl)c1ccccc1,1
1342,C(Cl)(Cl)Cl,ClC(Cl)Cl,1
1343,C([N+](=O)[O-])(Cl)(Cl)Cl,O=[N+]([O-])C(Cl)(Cl)Cl,1
1344,CC(Cl)(Cl)Cl,CC(Cl)(Cl)Cl,1
1345,C(C(Cl)Cl)Cl,ClCC(Cl)Cl,1
1346,C(=C(Cl)Cl)Cl,ClC=C(Cl)Cl,1
1347,C1(=O)N(C(=O)N(C(=O)N1Cl)Cl)Cl,O=c1n(Cl)c(=O)n(Cl)c(=O)n1Cl,1
1348,C(CNCCNCCN)N,NCCNCCNCCN,1
1349,CCN(CC)CC,CCN(CC)CC,1
1350,CCCN(CCC)CCC,CCCN(CCC)CCC,1
1351,CCCCCCCCCCCCCCCCCC[Si](Cl)(Cl)Cl,CCCCCCCCCCCCCCCCCC[Si](Cl)(Cl)Cl,1
1352,CCCCCCCCCCCCS,CCCCCCCCCCCCS,1
1353,CCCCCCCCCCCCCCCC[Si](Cl)(Cl)Cl,CCCCCCCCCCCCCCCC[Si](Cl)(Cl)Cl,1
1354,C1CCC2CCCCC2C1,C1CCC2CCCCC2C1,1
1355,CC(C)(C)N,CC(C)(C)N,1
1356,CC(C)(C)C1=CC=CC=C1,CC(C)(C)c1ccccc1,1
1357,CC(C)(C)S,CC(C)(C)S,1
1358,CC1=CCC(CC1)C(=C)C,C=C(C)C1CC=C(C)CC1,1
1359,C1=CC=C(C(=C1)C=O)O,O=Cc1ccccc1O,0
1360,C(=C(F)F)(F)F,FC(F)=C(F)F,1
1361,CC(C)(C)CC(C)(C)S,CC(C)(C)CC(C)(C)S,1
1362,C1=C(C(=CC(=C1Cl)Cl)Cl)Cl,Clc1cc(Cl)c(Cl)cc1Cl,1
1363,C(=C(Cl)Cl)(Cl)Cl,ClC(Cl)=C(Cl)Cl,1
1364,C1CCNC1,C1CCNC1,1
1365,C1CCOCC1,C1CCOCC1,1
1366,C1CCOC1,C1CCOC1,1
1367,C1CC(CC=C1)C=O,O=CC1CC=CCC1,1
1368,C([N+](=O)[O-])([N+](=O)[O-])([N+](=O)[O-])[N+](=O)[O-],O=[N+]([O-])C([N+](=O)[O-])([N+](=O)[O-])[N+](=O)[O-],1
1369,C(C(Br)Br)(Br)Br,BrC(Br)C(Br)Br,1
1370,C(CNCCNCCNCCN)N,NCCNCCNCCNCCN,1
1371,C1(=C(C(=C(C(=C1Cl)Cl)Cl)Cl)Cl)O,Oc1c(Cl)c(Cl)c(Cl)c(Cl)c1Cl,1
1372,CCCCCO,CCCCCO,1
1373,C(CCN)CCN,NCCCCCN,1
1374,C(CC=O)CC=O,O=CCCCC=O,1
1375,CC(=O)CC(=O)C,CC(=O)CC(C)=O,1
1376,CC=CC=C,C=CC=CC,0
1377,CCCCCS,CCCCCS,1
1378,CCCCC=O,CCCCC=O,1
1379,CCCC(=O)C,CCCC(C)=O,1
1380,CCC(=O)CC,CCC(=O)CC,1
1381,CCC=CC,CC=CCC,0
1382,C(C(CO[N+](=O)[O-])O[N+](=O)[O-])O[N+](=O)[O-],O=[N+]([O-])OCC(CO[N+](=O)[O-])O[N+](=O)[O-],1
1383,C1=CC=C(C=C1)[N+](=O)[O-],O=[N+]([O-])c1ccccc1,1
1384,C1=CC(=CC=C1N)[N+](=O)[O-],Nc1ccc([N+](=O)[O-])cc1,1
1385,C1=CC(=CC=C1[N+](=O)[O-])O,O=[N+]([O-])c1ccc(O)cc1,1
1386,CCC[N+](=O)[O-],CCC[N+](=O)[O-],1
1387,CC(C)[N+](=O)[O-],CC(C)[N+](=O)[O-],1
1388,C(=N)(N)N[N+](=O)[O-],N=C(N)N[N+](=O)[O-],1
1389,CC1=CC=CC=C1[N+](=O)[O-],Cc1ccccc1[N+](=O)[O-],1
1390,CC1=CC(=CC=C1)[N+](=O)[O-],Cc1cccc([N+](=O)[O-])c1,1
1391,CC1=CC=C(C=C1)[N+](=O)[O-],Cc1ccc([N+](=O)[O-])cc1,1
1392,C[N+](=O)[O-],C[N+](=O)[O-],1
1393,C1=CC=C(C=C1)C2=CC=C(C=C2)[N+](=O)[O-],O=[N+]([O-])c1ccc(-c2ccccc2)cc1,1
1394,C1=CC=C2C(=C1)C=CC=C2[N+](=O)[O-],O=[N+]([O-])c1cccc2ccccc12,1
1395,CC[N+](=O)[O-],CC[N+](=O)[O-],1
1396,CCCO[N+](=O)[O-],CCCO[N+](=O)[O-],1
1397,CCCCCO[N+](=O)[O-],CCCCCO[N+](=O)[O-],0
1398,CCCCCCC=C,C=CCCCCCC,1
1399,C=CCBr,C=CCBr,1
1400,C1=CC=C(C=C1)Br,Brc1ccccc1,1
1401,C#CCBr,C#CCBr,1
1402,CCCBr,CCCBr,1
1403,CCCCBr,CCCCBr,1
1404,CC1=CC=CC=C1Br,Cc1ccccc1Br,0
1405,CC1=CC=C(C=C1)Br,Cc1ccc(Br)cc1,1
1406,CBr,CBr,1
1407,CCOC(=O)CBr,CCOC(=O)CBr,0
1408,CCBr,CCBr,1
1409,C=CBr,C=CBr,1
1410,C1=CC(=CC=C1CC2=CC=C(C=C2)N)N,Nc1ccc(Cc2ccc(N)cc2)cc1,1
1411,C1=CC=C(C=C1)OP(OC2=CC=CC=C2)OC3=CC=CC=C3,c1ccc(OP(Oc2ccccc2)Oc2ccccc2)cc1,0
1412,COP(OC)OC,COP(OC)OC,1
1413,CCON=O,CCON=O,1
1414,C1C(O1)C2=CC=CC=C2,c1ccc(C2CO2)cc1,1
1415,CN,CN,1
1416,C(C=O)Cl,O=CCCl,1
1417,CCN,CCN,1
1418,CCC1=CC=CC=C1,CCc1ccccc1,1
1419,C1CN1,C1CN1,1
1420,CCO,CCO,1
1421,C(CN)N,NCCN,1
1422,COCCO,COCCO,1
1423,CCOCCOCC,CCOCCOCC,1
1424,CCOCCO,CCOCCO,1
1425,CC(C)OCCO,CC(C)OCCO,1
1426,CCOC(=O)C(=O)OCC,CCOC(=O)C(=O)OCC,1
1427,CCNC1=CC=CC=C1,CCNc1ccccc1,1
1428,CCCCC(CC)C=O,CCCCC(C=O)CC,1
1429,CCN1CCOCC1,CCN1CCOCC1,1
1430,CC#N,CC#N,1
1431,CCS,CCS,1
1432,CCOCC,CCOCC,1
1433,CC=O,CC=O,1
1434,C#C,C#C,0
1435,CC(=O)O,CC(=O)O,1
1436,CC(=O)OC(=O)C,CC(=O)OC(C)=O,1
1437,CC(=O)OC1CCCCC1,CC(=O)OC1CCCCC1,1
1438,CC(=O)OC,COC(C)=O,1
1439,CC(=O)OC(C)(C)C,CC(=O)OC(C)(C)C,1
1440,CCOCCOC(=O)C,CCOCCOC(C)=O,1
1441,CC(=O)OC=C,C=COC(C)=O,1
1442,CCOC(=O)C,CCOC(C)=O,1
1443,CC(=C)OC(=O)C,C=C(C)OC(C)=O,1
1444,CC(C)OC(=O)C,CC(=O)OC(C)C,1
1445,CC(C)COC(=O)C,CC(=O)OCC(C)C,1
1446,CC(C)CCOC(=O)C,CC(=O)OCCC(C)C,1
1447,CCCOC(=O)C,CCCOC(C)=O,1
1448,CCCCOC(=O)C,CCCCOC(C)=O,1
1449,CCCCCCOC(=O)C,CCCCCCOC(C)=O,1
1450,CCCCCOC(=O)C,CCCCCOC(C)=O,1
1451,CCC(C)OC(=O)C,CCC(C)OC(C)=O,1
1452,CC,CC,1
1453,C=C,C=C,1
1454,C=COCCCl,C=COCCCl,1
1455,C=CC1CCC=CC1,C=CC1CC=CCC1,0
1456,CCOC=C,C=COCC,1
1457,C=C1CC(=O)O1,C=C1CC(=O)O1,1
1458,CC(=O)Cl,CC(=O)Cl,1
1459,CC(C)C1=CC=CC=C1,CC(C)c1ccccc1,1
1460,CC(C)OC(C)C,CC(C)OC(C)C,1
1461,CC(C)CN,CC(C)CN,1
1462,CC(C)C#N,CC(C)C#N,1
1463,CC(C)C=O,CC(C)C=O,1
1464,CC(C)C(=O)O,CC(C)C(=O)O,1
1465,CC(C)COC(=O)C(C)C,CC(C)COC(=O)C(C)C,0
1466,CC(C)C,CC(C)C,0
1467,CC(=C)C,C=C(C)C,1
1468,CC1(CC(CC(C1)(C)CN=C=O)N=C=O)C,CC1(C)CC(N=C=O)CC(C)(CN=C=O)C1,0
1469,C=CCN=C=S,C=CCN=C=S,1
1470,CN=C=O,CN=C=O,1
1471,CCCCN=C=O,CCCCN=C=O,1
1472,CC(C)CCO,CC(C)CCO,1
1473,CCCC1=CC=CC=C1,CCCc1ccccc1,1
1474,CCCOCCC,CCCOCCC,1
1475,CCCCN,CCCCN,1
1476,CCCCO,CCCCO,1
1477,CCCCC1=CC=CC=C1,CCCCc1ccccc1,1
1478,CCCCOC=C,C=COCCCC,1
1479,CCCC#N,CCCC#N,1
1480,CCCCS,CCCCS,1
1481,CCCCOCCCC,CCCCOCCCC,1
1482,CCCC=O,CCCC=O,1
1483,CCCC(=O)O,CCCC(=O)O,1
1484,CCCC(=O)OC,CCCC(=O)OC,1
1485,CCCC(=O)OCC,CCCC(=O)OCC,1
1486,CCCCOC(=O)CCC,CCCCOC(=O)CCC,1
1487,CCCC,CCCC,1
1488,CCCCCCC,CCCCCCC,1
1489,CCCCCCCCCC,CCCCCCCCCC,1
1490,CCCCCCN,CCCCCCN,1
1491,CCCCCC=O,CCCCCC=O,1
1492,CCCCCC,CCCCCC,0
1493,CCCCC(=O)O,CCCCC(=O)O,1
1494,CCCCC,CCCCC,1
1495,CCCCCCCCS,CCCCCCCCS,1
1496,CCCCCCCC,CCCCCCCC,1
1497,CCC(C)N,CCC(C)N,1
1498,CCC(C)C1=CC=CC=C1,CCC(C)c1ccccc1,1
